"label","gbm","rf"
"A","A","A"
"A","A","A"
"A","A","A"
"A","A","A"
"A","A","A"
"A","A","A"
"A","A","A"
"A","A","A"
"A","A","A"
"A","A","A"
"A","A","A"
"A","A","A"
"A","A","A"
"A","A","A"
"A","A","A"
"A","A","A"
"A","B","A"
"A","A","A"
"A","A","A"
"A","A","A"
"A","A","A"
"A","A","A"
"A","A","A"
"A","A","A"
"A","A","A"
"A","A","A"
"A","A","A"
"A","A","A"
"A","A","A"
"A","A","A"
"A","A","A"
"A","A","A"
"A","A","A"
"A","A","A"
"A","A","A"
"A","A","A"
"A","A","A"
"A","A","A"
"A","A","A"
"A","A","A"
"A","A","A"
"A","A","A"
"A","A","A"
"A","A","A"
"A","A","A"
"A","A","A"
"A","A","A"
"A","A","A"
"A","A","A"
"A","A","A"
"A","A","A"
"A","A","A"
"A","A","A"
"A","A","A"
"A","A","A"
"A","A","A"
"A","A","A"
"A","A","A"
"A","A","A"
"A","A","A"
"A","A","A"
"A","A","A"
"A","A","A"
"A","A","A"
"A","A","A"
"A","A","A"
"A","A","A"
"A","A","A"
"A","A","A"
"A","A","A"
"A","A","A"
"A","A","A"
"A","A","A"
"A","A","A"
"A","A","A"
"A","A","A"
"A","A","A"
"A","A","A"
"A","A","A"
"A","A","A"
"A","A","A"
"A","A","A"
"A","A","A"
"A","A","A"
"A","A","A"
"A","A","A"
"A","A","A"
"A","A","A"
"A","A","A"
"A","A","A"
"A","A","A"
"A","A","A"
"A","A","A"
"A","A","A"
"A","A","A"
"A","A","A"
"A","A","A"
"A","A","A"
"A","A","A"
"A","A","A"
"A","A","A"
"A","A","A"
"A","A","A"
"A","A","A"
"A","C","A"
"A","C","C"
"A","C","C"
"A","A","A"
"A","A","A"
"A","A","A"
"A","A","A"
"A","A","A"
"A","A","A"
"A","A","A"
"A","A","A"
"A","A","A"
"A","A","A"
"A","A","A"
"A","C","A"
"A","A","A"
"A","A","A"
"A","A","A"
"A","A","A"
"A","A","A"
"A","A","A"
"A","A","A"
"A","A","A"
"A","A","A"
"A","D","A"
"A","A","A"
"A","C","A"
"A","C","A"
"A","A","A"
"A","A","A"
"A","A","A"
"A","A","A"
"A","A","A"
"A","A","A"
"A","A","A"
"A","C","A"
"A","A","A"
"A","A","A"
"A","A","A"
"A","A","A"
"A","A","A"
"A","D","A"
"A","A","A"
"A","A","A"
"A","A","A"
"A","D","D"
"A","D","A"
"A","E","C"
"A","A","A"
"A","A","A"
"A","A","A"
"A","C","A"
"A","C","A"
"A","C","A"
"A","A","A"
"A","A","A"
"A","B","A"
"A","C","A"
"A","B","A"
"A","A","A"
"A","A","A"
"A","A","A"
"A","D","A"
"A","D","A"
"A","A","A"
"A","A","A"
"A","A","A"
"A","A","A"
"A","A","A"
"A","A","A"
"A","A","A"
"A","B","A"
"A","D","A"
"A","D","D"
"A","D","D"
"A","D","D"
"A","A","A"
"A","A","A"
"A","A","A"
"A","D","A"
"A","A","A"
"A","A","A"
"A","A","A"
"A","B","A"
"A","D","A"
"A","D","A"
"A","A","A"
"A","A","A"
"A","D","A"
"A","D","A"
"A","A","A"
"A","A","A"
"A","A","A"
"A","A","A"
"A","B","A"
"A","A","A"
"A","A","A"
"A","D","A"
"A","D","A"
"A","D","A"
"A","A","A"
"A","A","A"
"A","A","A"
"A","A","A"
"A","D","D"
"A","D","A"
"A","A","A"
"A","A","A"
"A","A","A"
"A","A","A"
"A","A","A"
"A","A","A"
"A","A","A"
"A","A","A"
"A","A","A"
"A","A","A"
"A","A","A"
"A","A","A"
"A","A","A"
"A","A","A"
"A","A","A"
"A","A","A"
"A","A","A"
"A","A","A"
"A","A","A"
"A","A","A"
"A","A","A"
"A","A","A"
"A","A","A"
"A","A","A"
"A","A","A"
"A","A","A"
"A","A","A"
"A","A","A"
"A","A","A"
"A","A","A"
"A","A","A"
"A","A","A"
"A","A","A"
"A","A","A"
"A","A","A"
"A","A","A"
"A","A","A"
"A","A","A"
"A","A","A"
"A","A","A"
"A","A","A"
"A","A","A"
"A","A","A"
"A","A","A"
"A","A","A"
"A","A","A"
"A","A","A"
"A","A","A"
"A","A","A"
"A","A","A"
"A","A","A"
"A","A","A"
"A","A","A"
"A","A","A"
"A","A","A"
"A","A","A"
"A","A","A"
"A","A","A"
"A","A","A"
"A","A","A"
"A","A","A"
"A","A","A"
"A","A","A"
"A","A","A"
"A","A","A"
"A","A","A"
"A","A","A"
"A","A","A"
"A","A","A"
"A","A","A"
"A","A","A"
"A","A","A"
"A","A","A"
"A","A","A"
"A","A","A"
"A","A","A"
"A","A","A"
"A","A","A"
"A","A","A"
"A","A","A"
"A","A","A"
"A","A","A"
"A","A","A"
"A","A","A"
"A","A","A"
"A","A","A"
"A","A","A"
"A","A","A"
"A","A","A"
"A","A","A"
"A","A","A"
"A","A","A"
"A","A","A"
"A","A","A"
"A","A","A"
"A","A","A"
"A","A","A"
"A","A","A"
"A","A","A"
"A","A","A"
"A","E","E"
"A","A","A"
"A","A","A"
"A","A","A"
"A","A","A"
"A","A","A"
"A","A","A"
"A","A","A"
"A","A","A"
"A","A","A"
"A","A","A"
"A","A","A"
"A","A","A"
"A","A","A"
"A","A","A"
"A","A","A"
"A","A","A"
"A","A","A"
"A","A","A"
"A","A","A"
"A","A","A"
"A","A","A"
"A","A","A"
"A","A","A"
"A","A","A"
"A","A","A"
"A","A","A"
"A","A","A"
"A","A","A"
"A","A","A"
"A","A","A"
"A","A","A"
"A","A","A"
"A","A","A"
"A","A","A"
"A","A","A"
"A","A","A"
"A","A","A"
"A","C","A"
"A","A","A"
"A","A","A"
"A","C","A"
"A","C","A"
"A","C","A"
"A","C","A"
"A","C","A"
"A","C","A"
"A","A","A"
"A","A","A"
"A","A","A"
"A","A","A"
"A","A","A"
"A","A","A"
"A","A","A"
"A","A","A"
"A","A","A"
"A","A","A"
"A","B","A"
"A","B","A"
"A","B","A"
"A","B","A"
"A","B","A"
"A","B","A"
"A","A","A"
"A","A","A"
"A","A","A"
"A","A","A"
"A","A","A"
"A","A","A"
"A","A","A"
"A","A","A"
"A","A","A"
"A","A","A"
"A","A","A"
"A","A","A"
"A","A","A"
"A","A","A"
"A","A","A"
"A","A","A"
"A","D","A"
"A","A","A"
"A","A","A"
"A","A","A"
"A","A","A"
"A","A","A"
"A","A","A"
"A","A","A"
"A","A","A"
"A","A","A"
"A","A","A"
"A","A","A"
"A","A","A"
"A","A","A"
"A","A","A"
"A","A","A"
"A","A","A"
"A","C","A"
"A","A","A"
"A","A","A"
"A","A","A"
"A","A","A"
"A","A","A"
"A","E","A"
"A","A","A"
"A","A","A"
"A","A","A"
"A","A","A"
"A","A","A"
"A","A","A"
"A","A","A"
"A","A","A"
"A","A","A"
"A","A","A"
"A","A","A"
"A","A","A"
"A","A","A"
"A","A","A"
"A","A","A"
"A","A","A"
"A","A","A"
"A","A","A"
"A","A","A"
"A","A","A"
"A","A","A"
"A","A","A"
"A","A","A"
"A","A","A"
"A","A","A"
"A","A","A"
"A","A","A"
"A","A","A"
"A","A","A"
"A","A","A"
"A","A","A"
"A","A","A"
"A","A","A"
"A","C","A"
"A","C","C"
"A","A","A"
"A","A","A"
"A","A","A"
"A","A","A"
"A","A","A"
"A","A","A"
"A","A","A"
"A","A","A"
"A","D","A"
"A","D","A"
"A","D","A"
"A","A","A"
"A","A","A"
"A","A","A"
"A","A","A"
"A","A","A"
"A","A","A"
"A","A","A"
"A","A","A"
"A","A","A"
"A","A","A"
"A","A","A"
"A","A","A"
"A","E","A"
"A","C","A"
"A","D","A"
"A","A","A"
"A","A","A"
"A","A","A"
"A","A","A"
"A","A","A"
"A","A","A"
"A","A","A"
"A","A","A"
"A","A","A"
"A","A","A"
"A","A","A"
"A","A","A"
"A","D","A"
"A","D","A"
"A","D","A"
"A","D","A"
"A","A","A"
"A","D","A"
"A","A","A"
"A","A","A"
"A","A","A"
"A","A","A"
"A","A","A"
"A","A","A"
"A","A","A"
"A","A","A"
"A","A","A"
"A","A","A"
"A","A","A"
"A","A","A"
"A","A","A"
"A","A","A"
"A","A","A"
"A","A","A"
"A","A","A"
"A","A","A"
"A","A","A"
"A","A","A"
"A","A","A"
"A","A","A"
"A","A","A"
"A","A","A"
"A","A","A"
"A","A","A"
"A","A","A"
"A","A","A"
"A","A","A"
"A","A","A"
"A","A","A"
"A","A","A"
"A","A","A"
"A","A","A"
"A","A","A"
"A","A","A"
"A","A","A"
"A","A","A"
"A","A","A"
"A","A","A"
"A","A","A"
"A","A","A"
"A","A","A"
"A","A","A"
"A","A","A"
"A","A","A"
"A","A","A"
"A","A","A"
"A","A","A"
"A","A","A"
"A","A","A"
"A","A","A"
"A","E","A"
"A","A","A"
"A","A","A"
"A","A","A"
"A","A","A"
"A","C","A"
"A","A","A"
"A","A","A"
"A","A","A"
"A","A","A"
"A","A","A"
"A","A","A"
"A","A","A"
"A","A","A"
"A","A","A"
"A","A","A"
"A","A","A"
"A","A","A"
"A","A","A"
"A","A","A"
"A","A","A"
"A","E","A"
"A","E","A"
"A","E","A"
"A","A","A"
"A","A","A"
"A","A","A"
"A","A","A"
"A","A","A"
"A","A","A"
"A","A","A"
"A","A","A"
"A","A","A"
"A","A","A"
"A","E","A"
"A","A","A"
"A","A","A"
"A","A","A"
"A","A","A"
"A","A","A"
"A","A","A"
"A","A","A"
"A","A","A"
"A","A","A"
"A","A","A"
"A","A","A"
"A","E","A"
"A","E","A"
"A","A","A"
"A","A","A"
"A","A","A"
"A","E","A"
"A","A","A"
"A","A","A"
"A","A","A"
"A","A","A"
"A","E","A"
"A","A","A"
"A","A","A"
"A","A","A"
"A","A","A"
"A","A","A"
"A","A","A"
"A","A","A"
"A","A","A"
"A","A","A"
"A","A","A"
"A","A","A"
"A","A","A"
"A","A","A"
"A","A","A"
"A","A","A"
"A","A","A"
"A","A","A"
"A","A","A"
"A","A","A"
"A","A","A"
"A","A","A"
"A","A","A"
"A","A","A"
"A","A","A"
"A","E","A"
"A","E","A"
"A","A","A"
"A","A","A"
"A","A","A"
"A","A","A"
"A","A","A"
"A","A","A"
"A","A","A"
"A","A","A"
"A","A","A"
"A","A","A"
"A","A","A"
"A","A","A"
"A","A","A"
"A","A","A"
"A","A","A"
"A","A","A"
"A","A","A"
"A","A","E"
"A","A","A"
"A","A","A"
"A","A","A"
"A","A","A"
"A","A","A"
"A","A","A"
"A","A","A"
"A","A","A"
"A","C","A"
"A","A","A"
"A","A","A"
"A","C","A"
"A","A","A"
"A","A","A"
"A","A","A"
"A","A","A"
"A","A","A"
"A","C","A"
"A","C","A"
"A","C","A"
"A","C","A"
"A","A","A"
"A","E","E"
"A","E","E"
"A","E","E"
"A","E","A"
"A","B","A"
"A","B","A"
"A","E","A"
"A","E","A"
"A","E","A"
"A","B","A"
"A","A","A"
"A","A","A"
"A","A","A"
"A","C","A"
"A","C","A"
"A","C","A"
"A","C","A"
"A","C","A"
"A","B","A"
"A","A","A"
"A","A","A"
"A","A","A"
"A","A","A"
"A","A","A"
"A","A","A"
"A","A","A"
"A","A","A"
"A","A","A"
"A","A","A"
"A","A","A"
"A","A","A"
"A","A","A"
"A","A","A"
"A","A","A"
"A","A","A"
"A","A","A"
"A","A","A"
"A","A","A"
"A","A","A"
"A","A","A"
"A","A","A"
"A","A","A"
"A","A","A"
"A","A","A"
"A","A","A"
"A","A","A"
"A","A","A"
"A","A","A"
"A","A","A"
"A","A","A"
"A","A","A"
"A","A","A"
"A","A","A"
"A","A","A"
"A","A","A"
"A","A","A"
"A","A","A"
"A","A","A"
"A","A","A"
"A","A","A"
"A","A","A"
"A","A","A"
"A","A","A"
"A","A","A"
"A","A","A"
"A","A","A"
"A","A","A"
"A","A","A"
"A","A","A"
"A","A","A"
"A","A","A"
"A","A","A"
"A","A","A"
"A","A","A"
"A","A","A"
"A","A","A"
"A","A","A"
"A","A","A"
"A","A","A"
"A","A","A"
"A","A","A"
"A","A","A"
"A","A","A"
"A","A","A"
"A","A","A"
"A","A","A"
"A","A","A"
"A","A","A"
"A","A","A"
"A","A","A"
"A","A","A"
"A","A","A"
"A","A","A"
"A","A","A"
"A","A","A"
"A","A","A"
"A","A","A"
"A","A","A"
"A","A","A"
"A","A","A"
"A","A","A"
"A","A","A"
"A","A","A"
"A","A","A"
"A","A","A"
"A","A","A"
"A","A","A"
"A","A","A"
"A","A","A"
"A","A","A"
"A","A","A"
"A","A","A"
"A","A","A"
"A","A","A"
"A","A","A"
"A","A","A"
"A","A","A"
"A","A","A"
"A","A","A"
"A","A","A"
"A","A","A"
"A","A","A"
"A","A","A"
"A","A","A"
"A","A","A"
"A","A","A"
"A","A","A"
"A","A","A"
"A","A","A"
"A","A","A"
"A","A","A"
"A","A","A"
"A","A","A"
"A","A","A"
"A","A","A"
"A","A","A"
"A","A","A"
"A","A","A"
"A","A","A"
"A","A","A"
"A","A","A"
"A","A","A"
"A","A","A"
"A","A","A"
"A","A","A"
"A","A","A"
"A","A","A"
"A","A","A"
"A","A","A"
"A","A","A"
"A","A","A"
"A","A","A"
"A","A","A"
"A","A","A"
"A","A","A"
"A","A","A"
"A","A","A"
"A","A","A"
"A","A","A"
"A","A","A"
"A","A","A"
"A","A","A"
"A","A","A"
"A","A","A"
"A","A","A"
"A","A","A"
"A","A","A"
"A","A","A"
"A","A","A"
"A","A","A"
"A","A","A"
"A","A","A"
"A","A","A"
"A","A","A"
"A","A","A"
"A","A","A"
"A","A","A"
"A","A","A"
"A","A","A"
"A","A","A"
"A","A","A"
"A","A","A"
"A","A","A"
"A","A","A"
"A","A","A"
"A","A","A"
"A","A","A"
"A","A","A"
"A","A","A"
"A","A","A"
"A","A","A"
"A","A","A"
"A","A","A"
"A","A","A"
"A","A","A"
"A","A","A"
"A","A","A"
"A","A","A"
"A","A","A"
"A","A","A"
"A","A","A"
"A","A","A"
"A","A","A"
"A","A","A"
"A","A","A"
"A","A","A"
"A","A","A"
"A","A","A"
"A","A","A"
"A","A","A"
"A","A","A"
"A","A","A"
"A","A","A"
"A","A","A"
"A","A","A"
"A","A","A"
"A","A","A"
"A","A","A"
"A","A","A"
"A","A","A"
"A","A","A"
"A","A","A"
"A","A","A"
"A","A","A"
"A","A","A"
"A","A","A"
"A","A","A"
"A","A","A"
"A","A","A"
"A","A","A"
"A","A","A"
"A","A","A"
"A","A","A"
"A","A","A"
"A","A","A"
"A","A","A"
"A","A","A"
"A","A","A"
"A","A","A"
"A","A","A"
"A","A","A"
"A","A","A"
"A","A","A"
"A","A","A"
"A","A","A"
"A","A","A"
"A","A","A"
"A","A","A"
"A","A","A"
"A","B","A"
"A","D","A"
"A","D","A"
"A","A","A"
"A","A","A"
"A","A","A"
"A","A","A"
"A","A","A"
"A","A","A"
"A","D","A"
"A","D","A"
"A","D","A"
"A","B","A"
"A","D","A"
"A","D","A"
"A","B","A"
"A","B","A"
"A","D","A"
"A","B","A"
"A","A","A"
"A","C","A"
"A","A","A"
"A","A","A"
"A","A","A"
"A","A","A"
"A","D","A"
"A","D","A"
"A","D","D"
"A","D","D"
"A","D","D"
"A","A","A"
"A","A","A"
"A","A","A"
"A","A","A"
"A","B","B"
"A","A","A"
"A","A","A"
"A","A","A"
"A","B","A"
"A","A","A"
"A","A","A"
"A","A","A"
"A","A","A"
"A","B","A"
"A","A","A"
"A","B","A"
"A","B","A"
"A","B","A"
"A","A","A"
"A","A","A"
"A","A","A"
"A","A","A"
"A","D","A"
"A","A","A"
"A","A","A"
"A","D","A"
"A","A","A"
"A","A","A"
"A","A","A"
"A","A","A"
"A","A","A"
"A","A","A"
"A","A","A"
"A","D","A"
"A","A","A"
"A","A","A"
"A","B","A"
"A","A","A"
"A","A","A"
"A","D","A"
"A","B","A"
"A","B","A"
"A","A","A"
"A","A","A"
"A","A","A"
"A","A","A"
"A","A","A"
"A","A","A"
"A","D","A"
"A","D","A"
"A","D","A"
"A","A","A"
"A","A","A"
"A","A","A"
"A","A","A"
"A","A","A"
"A","A","A"
"A","A","A"
"A","A","A"
"A","A","A"
"A","A","A"
"A","A","A"
"A","A","A"
"A","A","A"
"A","A","A"
"A","A","A"
"A","A","A"
"A","A","A"
"A","A","A"
"A","A","A"
"A","A","A"
"A","A","A"
"A","A","A"
"A","A","A"
"A","A","A"
"A","A","A"
"A","A","A"
"A","A","A"
"A","A","A"
"A","A","A"
"A","A","A"
"A","A","A"
"A","A","A"
"A","A","A"
"A","A","A"
"A","A","A"
"A","A","A"
"A","A","A"
"A","A","A"
"A","A","A"
"A","A","A"
"A","A","A"
"A","A","A"
"A","A","A"
"A","A","A"
"A","A","A"
"A","A","A"
"A","A","A"
"A","A","A"
"A","A","A"
"A","A","A"
"A","A","A"
"A","A","A"
"A","A","A"
"A","A","A"
"A","A","A"
"A","A","A"
"A","A","A"
"A","A","A"
"A","A","A"
"A","A","A"
"A","A","A"
"A","A","A"
"A","A","A"
"A","A","A"
"A","A","A"
"A","A","A"
"A","A","A"
"A","A","A"
"A","A","A"
"A","A","A"
"A","A","A"
"A","A","A"
"A","A","A"
"A","A","A"
"A","A","A"
"A","A","A"
"A","A","A"
"A","A","A"
"A","A","A"
"A","A","A"
"A","A","A"
"A","A","A"
"A","A","A"
"A","A","A"
"A","A","A"
"A","A","A"
"A","A","A"
"A","A","A"
"A","A","A"
"A","A","A"
"A","A","A"
"A","A","A"
"A","A","A"
"A","A","A"
"A","A","A"
"A","A","A"
"A","A","A"
"A","A","A"
"A","A","A"
"A","A","A"
"A","A","A"
"A","A","A"
"A","A","A"
"A","A","A"
"A","A","A"
"A","A","A"
"A","A","A"
"A","A","A"
"A","A","A"
"A","A","A"
"A","A","A"
"A","A","A"
"A","A","A"
"A","A","A"
"A","A","A"
"A","A","A"
"A","A","A"
"A","A","A"
"A","A","A"
"A","A","A"
"A","A","A"
"A","A","A"
"A","A","A"
"A","A","A"
"A","A","A"
"A","A","A"
"A","A","A"
"A","C","A"
"A","A","A"
"A","B","A"
"A","D","A"
"A","A","A"
"A","A","A"
"A","C","A"
"A","C","A"
"A","A","C"
"A","A","C"
"A","A","A"
"A","A","A"
"A","A","A"
"A","A","A"
"A","A","A"
"A","D","A"
"A","D","A"
"A","B","A"
"A","B","B"
"A","C","C"
"A","A","A"
"A","A","A"
"A","A","A"
"A","A","A"
"A","D","A"
"A","D","A"
"A","D","A"
"A","D","A"
"A","D","A"
"A","D","A"
"A","D","A"
"A","D","A"
"A","A","A"
"A","C","A"
"A","C","E"
"A","A","A"
"A","C","C"
"A","A","A"
"A","A","A"
"A","E","A"
"A","A","A"
"A","D","A"
"A","A","A"
"A","B","A"
"A","B","A"
"A","A","A"
"A","A","A"
"A","A","A"
"A","A","A"
"A","D","A"
"A","A","A"
"A","D","A"
"A","A","A"
"A","D","D"
"A","A","A"
"A","A","A"
"A","A","A"
"A","A","A"
"A","A","A"
"A","B","A"
"A","C","A"
"A","A","A"
"A","A","A"
"A","D","A"
"A","A","A"
"A","A","A"
"A","A","A"
"A","A","A"
"A","B","A"
"A","B","A"
"A","A","A"
"A","A","A"
"A","A","A"
"A","C","A"
"A","C","A"
"A","A","A"
"A","C","A"
"A","C","A"
"A","A","A"
"A","A","A"
"A","A","A"
"A","A","A"
"A","C","A"
"A","A","A"
"A","A","A"
"A","A","A"
"A","C","A"
"A","A","A"
"A","A","A"
"A","A","A"
"A","A","A"
"A","A","A"
"A","B","A"
"A","A","A"
"A","B","A"
"A","A","A"
"A","A","A"
"A","A","A"
"A","A","A"
"A","A","A"
"A","C","A"
"A","A","A"
"A","D","A"
"A","B","A"
"A","C","A"
"A","A","A"
"A","A","A"
"A","C","A"
"A","B","A"
"A","B","A"
"A","E","A"
"A","B","A"
"A","A","A"
"A","A","A"
"A","A","A"
"A","A","A"
"A","A","A"
"A","A","A"
"A","A","A"
"A","A","A"
"A","A","A"
"A","A","A"
"A","C","A"
"A","C","A"
"A","D","A"
"A","D","A"
"A","A","A"
"A","A","A"
"A","A","A"
"A","A","A"
"A","A","A"
"A","A","A"
"A","A","A"
"A","A","A"
"A","A","A"
"A","A","A"
"A","A","A"
"A","A","A"
"A","A","A"
"A","A","A"
"A","A","A"
"A","A","A"
"A","B","A"
"A","A","A"
"A","A","A"
"A","A","A"
"A","A","A"
"A","A","A"
"A","A","A"
"A","A","A"
"A","A","A"
"A","A","A"
"A","A","A"
"A","A","A"
"A","A","A"
"A","A","A"
"A","A","A"
"A","A","A"
"A","A","A"
"A","A","A"
"A","A","A"
"A","A","A"
"A","A","A"
"A","A","A"
"A","A","A"
"A","A","A"
"A","A","A"
"A","A","A"
"A","A","A"
"A","A","A"
"A","A","A"
"A","A","A"
"A","A","A"
"A","A","A"
"A","A","A"
"A","A","A"
"A","A","A"
"A","A","A"
"A","A","A"
"A","A","A"
"A","A","A"
"A","A","A"
"A","A","A"
"A","A","A"
"A","A","A"
"A","A","A"
"A","A","A"
"A","A","A"
"A","A","A"
"A","A","A"
"A","A","A"
"A","A","A"
"A","A","A"
"A","A","A"
"A","A","A"
"A","A","A"
"A","A","A"
"A","A","A"
"A","A","A"
"A","A","A"
"A","A","A"
"A","A","A"
"A","A","A"
"A","A","A"
"A","A","A"
"A","A","A"
"A","A","A"
"A","A","A"
"A","A","A"
"A","A","A"
"A","A","A"
"A","A","A"
"A","A","A"
"A","A","A"
"A","A","A"
"A","A","A"
"A","A","A"
"A","A","A"
"A","A","A"
"A","A","A"
"A","A","A"
"A","A","A"
"A","A","A"
"A","A","A"
"A","A","A"
"A","A","A"
"A","A","A"
"A","A","A"
"A","A","A"
"A","A","A"
"A","A","A"
"A","A","A"
"A","A","A"
"A","A","A"
"A","A","A"
"A","A","A"
"A","A","A"
"A","A","A"
"A","A","A"
"A","A","A"
"A","A","A"
"A","A","A"
"A","A","A"
"A","A","A"
"A","A","A"
"A","A","A"
"A","A","A"
"A","A","A"
"A","A","A"
"A","A","A"
"A","A","A"
"A","A","A"
"A","A","A"
"A","A","A"
"A","A","A"
"A","A","A"
"A","A","A"
"A","A","A"
"A","A","A"
"A","A","A"
"A","A","A"
"A","A","A"
"A","A","A"
"A","A","A"
"A","A","A"
"A","A","A"
"A","A","A"
"A","A","A"
"A","A","A"
"A","A","A"
"A","A","A"
"A","A","A"
"A","A","A"
"A","A","A"
"A","A","A"
"A","A","A"
"A","A","A"
"A","A","A"
"A","A","A"
"A","A","A"
"A","A","A"
"A","A","A"
"A","A","A"
"A","A","A"
"A","A","A"
"A","A","A"
"A","A","A"
"A","A","A"
"A","A","A"
"A","D","A"
"A","A","A"
"A","A","A"
"A","B","A"
"A","A","A"
"A","A","A"
"A","A","A"
"A","A","A"
"A","A","A"
"A","A","A"
"A","A","A"
"A","A","A"
"A","A","A"
"A","B","A"
"A","A","A"
"A","A","A"
"A","A","A"
"A","A","A"
"A","B","A"
"A","A","A"
"A","A","A"
"A","A","A"
"A","A","A"
"A","A","A"
"A","A","A"
"A","A","A"
"A","A","A"
"A","A","A"
"A","A","A"
"A","A","A"
"A","A","A"
"A","A","A"
"A","B","A"
"A","B","A"
"A","A","A"
"A","A","A"
"A","A","A"
"A","A","A"
"A","A","A"
"A","A","A"
"A","A","A"
"A","A","A"
"A","A","A"
"A","A","A"
"A","D","A"
"A","A","A"
"A","A","A"
"A","B","B"
"A","A","A"
"A","B","A"
"A","A","A"
"A","C","A"
"A","E","A"
"A","B","B"
"A","B","B"
"A","B","B"
"A","B","A"
"A","A","A"
"A","A","A"
"A","A","A"
"A","A","A"
"A","A","A"
"A","A","A"
"A","E","A"
"A","A","A"
"A","A","A"
"A","A","A"
"A","C","A"
"A","C","A"
"A","A","A"
"A","C","C"
"A","D","A"
"A","A","A"
"A","A","A"
"A","A","A"
"A","B","A"
"A","A","A"
"A","A","A"
"A","E","A"
"A","E","A"
"A","A","A"
"A","A","A"
"A","A","A"
"A","A","A"
"A","D","A"
"A","A","A"
"A","A","A"
"A","A","A"
"A","A","A"
"A","A","A"
"A","A","A"
"A","A","A"
"A","A","A"
"A","A","A"
"A","A","A"
"A","A","A"
"A","A","A"
"A","A","A"
"A","A","A"
"A","D","A"
"A","A","A"
"A","A","A"
"A","A","A"
"A","A","A"
"A","A","A"
"A","A","A"
"A","A","A"
"A","A","A"
"A","A","B"
"A","A","A"
"A","D","A"
"A","D","A"
"A","C","A"
"A","A","A"
"A","A","B"
"A","A","A"
"A","A","A"
"A","A","A"
"A","A","A"
"A","A","A"
"A","A","A"
"A","A","A"
"A","A","A"
"A","A","A"
"A","A","A"
"A","B","A"
"A","A","A"
"A","A","A"
"A","A","A"
"A","A","A"
"A","E","C"
"A","A","A"
"A","A","A"
"A","A","A"
"A","A","A"
"A","A","A"
"A","A","A"
"A","A","A"
"A","A","A"
"A","A","A"
"A","A","A"
"A","A","A"
"A","A","A"
"A","A","A"
"A","A","A"
"A","A","A"
"A","A","A"
"A","A","A"
"A","A","A"
"A","A","A"
"A","A","A"
"A","A","A"
"A","A","A"
"A","A","A"
"A","A","A"
"A","A","A"
"A","A","A"
"A","A","A"
"A","A","A"
"A","A","A"
"A","A","A"
"A","A","A"
"A","A","A"
"A","A","A"
"A","A","A"
"A","A","A"
"A","A","A"
"A","A","A"
"A","A","A"
"A","A","A"
"A","E","A"
"A","A","A"
"A","A","A"
"A","A","A"
"A","A","A"
"A","A","A"
"A","A","A"
"A","A","A"
"A","A","A"
"A","A","A"
"A","A","A"
"A","A","A"
"A","A","E"
"A","A","A"
"A","A","A"
"A","A","A"
"A","A","A"
"A","A","A"
"A","A","A"
"A","A","A"
"A","A","A"
"A","A","A"
"A","A","A"
"A","A","A"
"A","A","A"
"A","E","A"
"A","E","A"
"A","E","A"
"A","A","A"
"A","A","A"
"A","A","A"
"A","A","A"
"A","A","A"
"A","A","A"
"A","A","A"
"A","A","A"
"A","A","A"
"A","A","A"
"A","A","A"
"A","A","A"
"A","E","E"
"A","A","A"
"A","A","A"
"A","A","A"
"A","A","A"
"A","A","A"
"A","A","A"
"A","A","A"
"A","A","A"
"A","A","A"
"A","A","A"
"A","A","A"
"A","A","A"
"A","A","A"
"A","A","A"
"A","A","A"
"A","A","A"
"A","A","A"
"A","A","A"
"A","A","A"
"A","A","A"
"A","D","A"
"A","E","A"
"A","E","A"
"A","D","A"
"A","D","A"
"A","C","A"
"A","A","A"
"A","A","A"
"A","A","B"
"A","A","B"
"A","A","A"
"A","A","A"
"A","A","A"
"A","D","A"
"A","A","A"
"A","D","A"
"A","D","A"
"A","A","A"
"A","A","A"
"A","A","A"
"A","A","A"
"A","A","A"
"A","A","A"
"A","A","A"
"A","A","A"
"A","A","A"
"A","A","A"
"A","A","A"
"A","D","A"
"A","D","A"
"B","A","B"
"B","A","A"
"B","A","B"
"B","A","B"
"B","A","B"
"B","A","B"
"B","A","B"
"B","A","B"
"B","A","B"
"B","A","B"
"B","E","B"
"B","E","B"
"B","A","B"
"B","B","B"
"B","A","B"
"B","A","B"
"B","A","B"
"B","A","B"
"B","D","B"
"B","A","B"
"B","A","B"
"B","A","B"
"B","D","B"
"B","D","B"
"B","D","B"
"B","D","B"
"B","D","B"
"B","C","B"
"B","B","B"
"B","A","B"
"B","A","B"
"B","A","B"
"B","A","B"
"B","C","B"
"B","C","B"
"B","B","B"
"B","A","B"
"B","A","B"
"B","A","B"
"B","A","B"
"B","A","B"
"B","A","A"
"B","C","A"
"B","C","A"
"B","E","B"
"B","E","B"
"B","B","B"
"B","B","B"
"B","B","B"
"B","C","B"
"B","B","B"
"B","B","B"
"B","A","B"
"B","A","B"
"B","A","B"
"B","B","B"
"B","B","B"
"B","B","B"
"B","B","B"
"B","B","B"
"B","B","B"
"B","B","B"
"B","B","B"
"B","B","B"
"B","B","B"
"B","B","B"
"B","B","B"
"B","A","A"
"B","B","B"
"B","B","B"
"B","B","B"
"B","B","B"
"B","B","B"
"B","B","B"
"B","B","B"
"B","B","B"
"B","B","C"
"B","C","B"
"B","B","B"
"B","B","B"
"B","B","B"
"B","B","B"
"B","B","B"
"B","B","B"
"B","B","B"
"B","B","B"
"B","B","B"
"B","B","B"
"B","A","A"
"B","B","B"
"B","B","B"
"B","C","B"
"B","B","B"
"B","B","B"
"B","B","B"
"B","B","B"
"B","B","B"
"B","B","B"
"B","B","B"
"B","B","B"
"B","B","B"
"B","B","B"
"B","B","E"
"B","B","B"
"B","B","B"
"B","B","B"
"B","B","B"
"B","B","B"
"B","B","B"
"B","C","B"
"B","C","B"
"B","B","B"
"B","B","B"
"B","B","B"
"B","B","B"
"B","B","B"
"B","B","B"
"B","B","B"
"B","B","B"
"B","B","B"
"B","B","B"
"B","C","B"
"B","B","B"
"B","B","B"
"B","B","B"
"B","B","B"
"B","B","B"
"B","D","B"
"B","D","B"
"B","A","A"
"B","A","A"
"B","E","B"
"B","E","B"
"B","B","B"
"B","B","B"
"B","B","B"
"B","B","B"
"B","B","B"
"B","A","B"
"B","B","B"
"B","B","B"
"B","B","B"
"B","B","B"
"B","B","B"
"B","D","B"
"B","B","B"
"B","B","B"
"B","B","B"
"B","B","B"
"B","B","B"
"B","B","B"
"B","A","B"
"B","A","B"
"B","A","B"
"B","A","B"
"B","C","B"
"B","B","B"
"B","B","B"
"B","B","B"
"B","B","B"
"B","B","B"
"B","B","B"
"B","B","B"
"B","B","B"
"B","B","B"
"B","B","B"
"B","B","B"
"B","B","B"
"B","B","B"
"B","B","B"
"B","B","B"
"B","B","B"
"B","B","B"
"B","B","B"
"B","B","B"
"B","B","B"
"B","B","B"
"B","B","B"
"B","B","B"
"B","B","B"
"B","B","B"
"B","B","B"
"B","B","B"
"B","B","B"
"B","B","B"
"B","B","B"
"B","B","B"
"B","B","B"
"B","E","B"
"B","B","B"
"B","B","B"
"B","B","B"
"B","B","B"
"B","B","B"
"B","B","B"
"B","B","B"
"B","B","B"
"B","B","B"
"B","B","B"
"B","B","B"
"B","C","B"
"B","B","B"
"B","B","B"
"B","B","B"
"B","B","B"
"B","E","B"
"B","E","B"
"B","B","B"
"B","B","B"
"B","B","B"
"B","B","B"
"B","B","B"
"B","B","B"
"B","B","B"
"B","B","B"
"B","B","B"
"B","B","B"
"B","B","B"
"B","B","B"
"B","B","B"
"B","B","B"
"B","B","B"
"B","B","B"
"B","B","B"
"B","B","B"
"B","B","B"
"B","B","B"
"B","B","B"
"B","B","B"
"B","B","B"
"B","B","B"
"B","B","B"
"B","B","B"
"B","B","B"
"B","B","B"
"B","B","B"
"B","B","B"
"B","B","B"
"B","B","B"
"B","B","B"
"B","B","B"
"B","B","B"
"B","B","B"
"B","B","B"
"B","B","B"
"B","B","B"
"B","B","B"
"B","B","B"
"B","B","B"
"B","B","B"
"B","B","B"
"B","B","B"
"B","B","B"
"B","B","B"
"B","B","B"
"B","C","B"
"B","B","B"
"B","B","B"
"B","E","E"
"B","B","B"
"B","B","B"
"B","B","B"
"B","B","B"
"B","B","B"
"B","B","B"
"B","B","B"
"B","A","A"
"B","D","B"
"B","D","B"
"B","B","B"
"B","B","A"
"B","B","A"
"B","B","B"
"B","B","B"
"B","B","B"
"B","A","B"
"B","A","B"
"B","B","B"
"B","B","B"
"B","B","B"
"B","B","B"
"B","B","B"
"B","B","B"
"B","B","B"
"B","D","B"
"B","B","B"
"B","C","C"
"B","C","C"
"B","B","B"
"B","B","C"
"B","A","B"
"B","A","B"
"B","A","B"
"B","A","B"
"B","B","B"
"B","B","B"
"B","B","B"
"B","B","B"
"B","D","B"
"B","D","B"
"B","B","B"
"B","B","B"
"B","E","B"
"B","E","B"
"B","E","B"
"B","B","B"
"B","B","B"
"B","A","C"
"B","C","B"
"B","B","B"
"B","A","B"
"B","A","B"
"B","B","B"
"B","D","D"
"B","D","B"
"B","D","B"
"B","C","B"
"B","B","B"
"B","C","B"
"B","C","B"
"B","C","B"
"B","C","B"
"B","C","B"
"B","C","B"
"B","A","C"
"B","D","D"
"B","D","D"
"B","D","B"
"B","B","B"
"B","B","B"
"B","B","B"
"B","B","B"
"B","B","B"
"B","B","B"
"B","B","B"
"B","B","B"
"B","B","B"
"B","B","B"
"B","C","B"
"B","B","B"
"B","C","C"
"B","C","C"
"B","C","C"
"B","C","B"
"B","B","B"
"B","B","B"
"B","B","B"
"B","B","B"
"B","A","B"
"B","B","B"
"B","B","B"
"B","B","B"
"B","C","B"
"B","B","B"
"B","B","B"
"B","B","B"
"B","B","B"
"B","B","B"
"B","B","B"
"B","B","B"
"B","B","B"
"B","B","B"
"B","B","B"
"B","B","E"
"B","C","B"
"B","B","B"
"B","B","B"
"B","B","B"
"B","B","B"
"B","B","B"
"B","B","B"
"B","B","B"
"B","B","B"
"B","B","B"
"B","B","B"
"B","B","B"
"B","B","B"
"B","B","B"
"B","B","B"
"B","B","B"
"B","B","B"
"B","B","B"
"B","B","B"
"B","B","B"
"B","B","B"
"B","B","B"
"B","B","B"
"B","B","B"
"B","B","B"
"B","B","B"
"B","B","B"
"B","B","B"
"B","B","B"
"B","A","B"
"B","A","B"
"B","A","B"
"B","B","B"
"B","B","B"
"B","D","D"
"B","B","B"
"B","B","B"
"B","B","B"
"B","B","B"
"B","B","B"
"B","E","B"
"B","B","B"
"B","B","B"
"B","B","B"
"B","A","B"
"B","A","C"
"B","B","B"
"B","C","B"
"B","A","B"
"B","A","B"
"B","A","B"
"B","A","B"
"B","A","B"
"B","A","B"
"B","A","B"
"B","A","B"
"B","A","C"
"B","A","B"
"B","A","A"
"B","A","A"
"B","A","A"
"B","B","B"
"B","B","B"
"B","B","B"
"B","B","B"
"B","B","B"
"B","B","B"
"B","B","B"
"B","B","B"
"B","C","B"
"B","B","B"
"B","B","B"
"B","B","B"
"B","B","B"
"B","B","B"
"B","B","B"
"B","B","B"
"B","B","B"
"B","A","B"
"B","C","B"
"B","C","B"
"B","C","B"
"B","B","B"
"B","B","B"
"B","B","B"
"B","B","B"
"B","B","E"
"B","D","B"
"B","D","B"
"B","D","B"
"B","B","B"
"B","B","B"
"B","B","B"
"B","B","B"
"B","C","B"
"B","C","C"
"B","C","B"
"B","C","B"
"B","C","A"
"B","C","A"
"B","B","B"
"B","B","B"
"B","B","B"
"B","B","B"
"B","B","B"
"B","B","B"
"B","C","B"
"B","C","B"
"B","B","B"
"B","B","B"
"B","B","B"
"B","B","B"
"B","C","C"
"B","C","C"
"B","B","B"
"B","E","B"
"B","B","B"
"B","B","B"
"B","B","B"
"B","B","B"
"B","B","B"
"B","B","B"
"B","B","B"
"B","B","B"
"B","B","B"
"B","B","B"
"B","B","B"
"B","B","B"
"B","B","B"
"B","B","B"
"B","E","B"
"B","B","B"
"B","B","B"
"B","B","B"
"B","B","B"
"B","B","B"
"B","B","B"
"B","C","B"
"B","B","B"
"B","B","B"
"B","B","B"
"B","B","B"
"B","B","B"
"B","E","E"
"B","B","B"
"B","E","B"
"B","E","B"
"B","E","B"
"B","B","B"
"B","A","B"
"B","A","B"
"B","B","B"
"B","B","B"
"B","B","B"
"B","B","B"
"B","B","B"
"B","A","B"
"B","B","B"
"B","A","B"
"B","A","B"
"B","A","B"
"B","A","B"
"B","A","B"
"B","B","A"
"B","A","B"
"B","A","B"
"B","A","B"
"B","B","B"
"B","B","B"
"B","B","B"
"B","B","B"
"B","B","B"
"B","B","B"
"B","B","B"
"B","B","B"
"B","B","B"
"B","B","B"
"B","B","B"
"B","B","B"
"B","B","B"
"B","B","B"
"B","B","B"
"B","B","B"
"B","B","B"
"B","C","B"
"B","C","B"
"B","B","B"
"B","B","B"
"B","B","B"
"B","B","B"
"B","B","B"
"B","B","B"
"B","B","B"
"B","B","B"
"B","B","B"
"B","B","B"
"B","B","B"
"B","B","B"
"B","B","B"
"B","C","B"
"B","B","B"
"B","B","B"
"B","B","B"
"B","B","B"
"B","B","B"
"B","B","B"
"B","B","B"
"B","B","B"
"B","B","B"
"B","B","B"
"B","B","B"
"B","B","B"
"B","B","B"
"B","B","B"
"B","A","A"
"B","C","B"
"B","C","B"
"B","C","B"
"B","B","B"
"B","B","B"
"B","B","B"
"B","B","B"
"B","B","B"
"B","B","B"
"B","B","B"
"B","B","B"
"B","B","B"
"B","B","B"
"B","B","B"
"B","B","B"
"B","B","B"
"B","B","B"
"B","B","B"
"B","B","B"
"B","B","B"
"B","C","B"
"B","C","B"
"B","C","B"
"B","C","B"
"B","C","B"
"B","B","B"
"B","B","B"
"B","B","B"
"B","B","B"
"B","B","B"
"B","B","B"
"B","B","B"
"B","B","B"
"B","B","B"
"B","B","B"
"B","B","B"
"B","B","B"
"B","B","B"
"B","B","B"
"B","B","B"
"B","B","B"
"B","B","B"
"B","B","B"
"B","B","B"
"B","B","B"
"B","B","B"
"B","B","B"
"B","B","B"
"B","B","B"
"B","B","C"
"B","C","C"
"B","A","B"
"B","A","B"
"B","B","B"
"B","B","B"
"B","B","B"
"B","C","B"
"B","B","B"
"B","B","B"
"B","B","B"
"B","B","B"
"B","E","E"
"B","B","B"
"B","B","B"
"B","B","B"
"B","B","B"
"B","B","B"
"B","B","B"
"B","B","B"
"B","B","B"
"B","B","B"
"B","B","B"
"B","B","B"
"B","B","B"
"B","C","B"
"B","B","B"
"B","B","B"
"B","B","B"
"B","B","B"
"B","B","B"
"B","B","B"
"B","B","B"
"B","B","B"
"B","B","B"
"B","B","B"
"B","B","B"
"B","B","B"
"B","B","B"
"B","B","B"
"B","B","B"
"B","B","B"
"B","B","B"
"B","B","B"
"B","B","B"
"B","B","B"
"B","B","B"
"B","B","B"
"B","B","B"
"B","C","B"
"B","C","B"
"B","B","B"
"B","B","B"
"B","B","B"
"B","B","B"
"B","B","B"
"B","B","B"
"B","B","B"
"B","B","B"
"B","B","B"
"B","B","B"
"B","B","B"
"B","B","B"
"B","B","B"
"B","B","B"
"B","B","B"
"B","B","B"
"B","B","B"
"B","B","B"
"B","B","B"
"B","B","B"
"B","B","B"
"B","B","B"
"B","B","B"
"B","B","B"
"B","B","B"
"B","B","B"
"B","B","B"
"B","B","B"
"B","B","B"
"B","B","B"
"B","A","B"
"B","D","A"
"B","D","A"
"B","D","A"
"B","D","B"
"B","D","B"
"B","D","B"
"B","D","B"
"B","D","B"
"B","C","C"
"B","A","B"
"B","A","B"
"B","A","B"
"B","A","B"
"B","D","B"
"B","A","A"
"B","A","A"
"B","A","B"
"B","B","B"
"B","A","A"
"B","A","A"
"B","B","B"
"B","E","B"
"B","A","A"
"B","A","B"
"B","D","A"
"B","A","A"
"B","B","B"
"B","A","B"
"B","A","B"
"B","B","B"
"B","A","B"
"B","B","B"
"B","A","B"
"B","A","B"
"B","A","B"
"B","A","A"
"B","A","A"
"B","A","A"
"B","A","B"
"B","B","B"
"B","B","B"
"B","B","B"
"B","B","A"
"B","D","B"
"B","D","D"
"B","D","D"
"B","B","B"
"B","B","B"
"B","B","B"
"B","B","B"
"B","A","B"
"B","A","B"
"B","A","B"
"B","A","B"
"B","A","B"
"B","B","B"
"B","B","B"
"B","B","B"
"B","A","A"
"B","B","B"
"B","B","B"
"B","B","B"
"B","B","B"
"B","B","B"
"B","B","B"
"B","B","B"
"B","B","B"
"B","B","B"
"B","B","B"
"B","D","B"
"B","B","B"
"B","B","B"
"B","A","B"
"B","B","B"
"B","B","B"
"B","B","B"
"B","B","B"
"B","B","B"
"B","B","A"
"B","B","B"
"B","B","B"
"B","D","B"
"B","B","B"
"B","B","B"
"B","B","B"
"B","B","B"
"B","B","B"
"B","B","B"
"B","B","B"
"B","B","B"
"B","B","B"
"B","B","B"
"B","B","B"
"B","B","B"
"B","E","B"
"B","D","B"
"B","B","B"
"B","B","B"
"B","B","B"
"B","B","B"
"B","B","B"
"B","B","B"
"B","B","B"
"B","B","B"
"B","B","B"
"B","B","B"
"B","B","B"
"B","B","B"
"B","B","B"
"B","B","B"
"B","B","B"
"B","B","B"
"B","B","B"
"B","B","B"
"B","D","D"
"B","D","B"
"B","B","B"
"B","B","B"
"B","B","B"
"B","B","B"
"B","B","B"
"B","B","B"
"B","B","B"
"B","B","B"
"B","B","B"
"B","B","B"
"B","B","B"
"B","B","B"
"B","A","B"
"B","B","B"
"B","B","B"
"B","B","B"
"B","B","A"
"B","B","B"
"B","B","B"
"B","B","B"
"B","B","B"
"B","B","B"
"B","B","B"
"B","B","B"
"B","B","B"
"B","B","B"
"B","B","B"
"B","B","B"
"B","B","B"
"B","B","B"
"B","B","B"
"B","C","B"
"B","C","B"
"B","C","B"
"B","C","B"
"B","E","B"
"B","C","B"
"B","C","B"
"B","C","C"
"B","B","B"
"B","B","B"
"B","B","B"
"B","B","B"
"B","B","B"
"B","B","B"
"B","B","B"
"B","B","B"
"B","B","B"
"B","B","B"
"B","B","B"
"B","B","B"
"B","B","B"
"B","B","C"
"B","C","B"
"B","C","B"
"B","C","B"
"B","C","B"
"B","C","B"
"B","C","B"
"B","C","C"
"B","C","C"
"B","C","C"
"B","C","C"
"B","C","B"
"B","B","B"
"B","B","B"
"B","B","B"
"B","B","B"
"B","B","B"
"B","B","B"
"B","B","B"
"B","B","B"
"B","B","B"
"B","B","B"
"B","B","B"
"B","B","B"
"B","B","B"
"B","B","B"
"B","B","B"
"B","B","B"
"B","B","B"
"B","B","B"
"B","B","B"
"B","B","B"
"B","C","B"
"B","B","B"
"B","C","B"
"B","A","B"
"B","D","B"
"B","A","B"
"B","E","B"
"B","C","B"
"B","C","B"
"B","C","C"
"B","C","B"
"B","A","B"
"B","C","B"
"B","C","B"
"B","C","B"
"B","C","B"
"B","C","B"
"B","D","B"
"B","D","B"
"B","A","B"
"B","A","B"
"B","A","B"
"B","A","B"
"B","A","B"
"B","A","B"
"B","A","B"
"B","A","B"
"B","A","B"
"B","A","B"
"B","B","B"
"B","B","B"
"B","A","B"
"B","A","B"
"B","C","B"
"B","C","B"
"B","E","B"
"B","C","B"
"B","E","B"
"B","B","B"
"B","B","B"
"B","B","B"
"B","B","B"
"B","B","B"
"B","B","B"
"B","B","B"
"B","B","B"
"B","B","B"
"B","B","B"
"B","B","B"
"B","D","A"
"B","D","A"
"B","A","B"
"B","B","B"
"B","B","B"
"B","B","B"
"B","B","B"
"B","B","B"
"B","B","B"
"B","A","A"
"B","B","B"
"B","B","B"
"B","B","B"
"B","B","B"
"B","B","B"
"B","B","B"
"B","B","B"
"B","B","B"
"B","B","B"
"B","B","B"
"B","B","B"
"B","B","B"
"B","B","B"
"B","B","B"
"B","C","B"
"B","C","C"
"B","B","B"
"B","B","B"
"B","B","B"
"B","B","B"
"B","B","B"
"B","B","B"
"B","B","B"
"B","B","B"
"B","E","B"
"B","B","B"
"B","B","B"
"B","B","B"
"B","B","B"
"B","B","B"
"B","B","B"
"B","B","B"
"B","B","B"
"B","C","B"
"B","C","B"
"B","A","C"
"B","C","C"
"B","A","B"
"B","A","B"
"B","A","B"
"B","A","C"
"B","C","B"
"B","A","B"
"B","A","B"
"B","A","B"
"B","A","B"
"B","C","C"
"B","C","C"
"B","B","B"
"B","E","B"
"B","E","B"
"B","B","B"
"B","B","B"
"B","B","B"
"B","B","B"
"B","B","B"
"B","B","B"
"B","B","B"
"B","B","B"
"B","B","B"
"B","B","B"
"B","B","B"
"B","B","B"
"B","B","B"
"B","B","B"
"B","B","B"
"B","B","B"
"B","B","B"
"B","B","B"
"B","B","B"
"B","B","B"
"B","B","B"
"B","B","B"
"B","B","B"
"B","E","B"
"B","B","B"
"B","B","B"
"B","E","B"
"B","C","B"
"B","C","B"
"B","C","B"
"B","C","B"
"B","B","B"
"B","B","B"
"B","A","B"
"B","B","B"
"B","B","B"
"B","B","B"
"B","B","B"
"B","B","B"
"B","B","B"
"B","B","B"
"B","B","B"
"B","B","B"
"B","B","B"
"B","B","B"
"B","D","B"
"B","B","B"
"B","B","B"
"B","B","B"
"B","B","B"
"B","B","B"
"B","B","B"
"B","B","B"
"B","B","B"
"B","B","B"
"B","B","B"
"B","A","B"
"B","C","B"
"B","E","B"
"B","C","B"
"B","A","B"
"B","C","B"
"B","B","B"
"B","C","B"
"B","A","B"
"B","B","B"
"B","B","B"
"B","B","B"
"B","B","B"
"B","B","B"
"B","B","B"
"B","B","B"
"B","B","E"
"B","B","B"
"B","B","B"
"B","B","B"
"B","B","B"
"B","B","B"
"B","B","B"
"B","B","B"
"B","B","B"
"B","B","B"
"B","B","B"
"B","B","B"
"B","B","B"
"B","B","B"
"B","B","B"
"B","B","B"
"B","B","B"
"B","B","B"
"B","B","B"
"B","B","B"
"B","B","B"
"B","B","B"
"B","B","B"
"B","B","B"
"B","A","B"
"B","C","C"
"B","C","C"
"B","C","C"
"B","C","B"
"B","B","B"
"B","B","B"
"B","B","B"
"B","B","B"
"B","A","B"
"B","B","B"
"B","B","B"
"B","B","B"
"B","B","E"
"B","C","B"
"B","C","B"
"B","B","B"
"B","A","B"
"B","A","B"
"B","A","B"
"B","A","B"
"B","B","B"
"B","B","B"
"C","B","B"
"C","B","B"
"C","C","C"
"C","C","C"
"C","A","C"
"C","B","C"
"C","B","C"
"C","C","C"
"C","C","C"
"C","C","C"
"C","B","C"
"C","B","C"
"C","C","C"
"C","B","C"
"C","C","C"
"C","C","C"
"C","C","C"
"C","C","C"
"C","C","C"
"C","C","C"
"C","C","C"
"C","C","C"
"C","A","C"
"C","A","C"
"C","C","C"
"C","C","C"
"C","C","C"
"C","C","C"
"C","C","C"
"C","C","C"
"C","C","C"
"C","C","C"
"C","C","C"
"C","C","C"
"C","C","C"
"C","C","C"
"C","C","C"
"C","C","C"
"C","A","C"
"C","C","C"
"C","A","C"
"C","C","C"
"C","C","C"
"C","A","C"
"C","A","C"
"C","C","C"
"C","C","C"
"C","C","C"
"C","C","C"
"C","C","C"
"C","C","C"
"C","C","C"
"C","A","C"
"C","A","C"
"C","A","C"
"C","A","C"
"C","B","C"
"C","B","C"
"C","C","C"
"C","A","C"
"C","C","C"
"C","C","C"
"C","C","C"
"C","C","C"
"C","C","C"
"C","A","C"
"C","A","C"
"C","A","C"
"C","C","C"
"C","C","C"
"C","D","A"
"C","A","C"
"C","C","C"
"C","C","C"
"C","C","C"
"C","A","C"
"C","A","B"
"C","A","C"
"C","C","C"
"C","A","C"
"C","C","C"
"C","C","C"
"C","C","C"
"C","C","C"
"C","C","C"
"C","C","C"
"C","C","C"
"C","C","C"
"C","C","C"
"C","C","C"
"C","C","C"
"C","C","C"
"C","C","C"
"C","C","C"
"C","C","C"
"C","C","C"
"C","C","C"
"C","C","C"
"C","C","C"
"C","C","C"
"C","C","C"
"C","C","C"
"C","A","C"
"C","C","C"
"C","C","C"
"C","C","C"
"C","C","C"
"C","C","C"
"C","C","C"
"C","C","C"
"C","C","C"
"C","C","C"
"C","D","C"
"C","C","C"
"C","C","C"
"C","C","C"
"C","C","C"
"C","C","C"
"C","C","C"
"C","A","A"
"C","C","C"
"C","C","C"
"C","A","C"
"C","C","C"
"C","C","C"
"C","C","C"
"C","C","C"
"C","C","C"
"C","C","C"
"C","C","C"
"C","C","C"
"C","D","E"
"C","A","C"
"C","C","C"
"C","C","C"
"C","C","C"
"C","C","C"
"C","C","C"
"C","C","B"
"C","C","C"
"C","C","C"
"C","C","C"
"C","C","C"
"C","C","C"
"C","C","C"
"C","C","C"
"C","C","C"
"C","C","C"
"C","C","C"
"C","C","C"
"C","C","C"
"C","C","C"
"C","C","C"
"C","C","C"
"C","C","C"
"C","C","C"
"C","A","A"
"C","A","C"
"C","A","C"
"C","A","C"
"C","A","C"
"C","C","C"
"C","C","C"
"C","C","C"
"C","C","C"
"C","C","C"
"C","C","C"
"C","C","C"
"C","C","C"
"C","B","C"
"C","C","C"
"C","C","C"
"C","C","C"
"C","C","C"
"C","C","C"
"C","C","C"
"C","E","C"
"C","C","C"
"C","C","C"
"C","C","C"
"C","C","C"
"C","C","C"
"C","C","C"
"C","C","C"
"C","C","C"
"C","C","C"
"C","C","C"
"C","C","C"
"C","C","C"
"C","C","C"
"C","C","C"
"C","C","C"
"C","C","C"
"C","C","C"
"C","C","C"
"C","C","C"
"C","C","C"
"C","C","C"
"C","A","C"
"C","C","C"
"C","A","C"
"C","C","C"
"C","C","C"
"C","C","C"
"C","C","C"
"C","C","C"
"C","C","C"
"C","C","C"
"C","C","C"
"C","C","C"
"C","C","C"
"C","C","C"
"C","C","C"
"C","C","C"
"C","C","C"
"C","C","C"
"C","C","C"
"C","C","C"
"C","C","C"
"C","E","E"
"C","C","C"
"C","C","C"
"C","C","C"
"C","C","C"
"C","C","C"
"C","C","C"
"C","C","C"
"C","C","C"
"C","C","C"
"C","C","C"
"C","A","C"
"C","A","C"
"C","A","C"
"C","C","C"
"C","C","C"
"C","C","C"
"C","C","C"
"C","C","C"
"C","C","C"
"C","B","B"
"C","B","C"
"C","C","C"
"C","C","C"
"C","C","C"
"C","C","C"
"C","C","C"
"C","C","C"
"C","C","C"
"C","C","B"
"C","C","C"
"C","C","C"
"C","C","C"
"C","C","C"
"C","C","C"
"C","D","C"
"C","C","C"
"C","C","C"
"C","C","C"
"C","C","C"
"C","C","C"
"C","C","C"
"C","C","C"
"C","C","C"
"C","C","C"
"C","B","C"
"C","B","C"
"C","C","C"
"C","C","C"
"C","C","C"
"C","C","C"
"C","C","C"
"C","C","C"
"C","C","C"
"C","C","C"
"C","C","C"
"C","C","C"
"C","A","C"
"C","C","C"
"C","A","B"
"C","C","C"
"C","C","C"
"C","C","C"
"C","C","C"
"C","C","C"
"C","C","C"
"C","C","C"
"C","C","C"
"C","C","C"
"C","C","C"
"C","C","C"
"C","C","C"
"C","C","C"
"C","C","C"
"C","C","C"
"C","C","C"
"C","C","C"
"C","C","C"
"C","C","C"
"C","C","C"
"C","C","C"
"C","C","C"
"C","C","C"
"C","C","C"
"C","C","C"
"C","C","C"
"C","C","C"
"C","C","C"
"C","C","C"
"C","C","C"
"C","C","C"
"C","C","C"
"C","C","C"
"C","C","C"
"C","C","C"
"C","C","C"
"C","C","C"
"C","C","C"
"C","C","C"
"C","C","C"
"C","C","C"
"C","C","C"
"C","C","C"
"C","C","C"
"C","C","C"
"C","C","C"
"C","C","C"
"C","C","C"
"C","C","C"
"C","C","C"
"C","C","C"
"C","C","C"
"C","C","C"
"C","C","B"
"C","C","C"
"C","C","C"
"C","C","C"
"C","C","C"
"C","C","C"
"C","C","C"
"C","C","C"
"C","C","C"
"C","C","C"
"C","C","C"
"C","C","C"
"C","C","C"
"C","C","C"
"C","C","C"
"C","C","C"
"C","C","C"
"C","C","C"
"C","D","D"
"C","C","C"
"C","C","C"
"C","C","C"
"C","D","D"
"C","D","D"
"C","C","C"
"C","C","C"
"C","C","C"
"C","C","C"
"C","C","C"
"C","C","C"
"C","C","C"
"C","C","C"
"C","C","C"
"C","B","C"
"C","B","C"
"C","B","B"
"C","B","C"
"C","B","C"
"C","B","C"
"C","C","C"
"C","C","C"
"C","C","C"
"C","C","C"
"C","C","C"
"C","C","C"
"C","C","C"
"C","B","C"
"C","C","C"
"C","C","C"
"C","C","C"
"C","C","C"
"C","C","C"
"C","B","C"
"C","C","C"
"C","B","E"
"C","B","C"
"C","C","C"
"C","C","C"
"C","C","C"
"C","C","C"
"C","C","C"
"C","C","C"
"C","C","C"
"C","C","C"
"C","C","C"
"C","C","C"
"C","C","C"
"C","C","C"
"C","E","C"
"C","B","C"
"C","C","C"
"C","C","C"
"C","C","C"
"C","C","C"
"C","C","C"
"C","C","C"
"C","C","C"
"C","C","C"
"C","C","C"
"C","A","C"
"C","A","C"
"C","A","C"
"C","A","C"
"C","C","C"
"C","C","C"
"C","C","C"
"C","A","C"
"C","A","C"
"C","D","A"
"C","C","C"
"C","C","C"
"C","C","C"
"C","C","C"
"C","C","C"
"C","C","C"
"C","C","C"
"C","C","C"
"C","C","C"
"C","A","C"
"C","A","C"
"C","C","C"
"C","C","C"
"C","C","C"
"C","C","C"
"C","C","C"
"C","C","C"
"C","C","C"
"C","B","C"
"C","C","C"
"C","A","C"
"C","C","C"
"C","C","C"
"C","C","C"
"C","C","C"
"C","C","C"
"C","D","C"
"C","C","C"
"C","C","C"
"C","C","C"
"C","C","C"
"C","C","C"
"C","A","C"
"C","C","C"
"C","C","C"
"C","C","C"
"C","C","C"
"C","C","C"
"C","C","C"
"C","C","C"
"C","C","C"
"C","C","C"
"C","C","C"
"C","C","C"
"C","C","C"
"C","A","C"
"C","C","A"
"C","C","C"
"C","C","C"
"C","C","C"
"C","C","A"
"C","C","C"
"C","C","C"
"C","D","C"
"C","D","D"
"C","D","C"
"C","D","C"
"C","C","C"
"C","C","C"
"C","C","C"
"C","C","C"
"C","A","C"
"C","C","C"
"C","A","C"
"C","A","C"
"C","A","C"
"C","C","C"
"C","A","C"
"C","C","C"
"C","C","C"
"C","C","E"
"C","C","C"
"C","C","C"
"C","A","C"
"C","A","C"
"C","A","C"
"C","C","C"
"C","C","C"
"C","C","C"
"C","C","C"
"C","C","C"
"C","C","C"
"C","A","D"
"C","B","C"
"C","C","C"
"C","C","C"
"C","C","C"
"C","C","C"
"C","C","C"
"C","C","C"
"C","C","C"
"C","C","C"
"C","E","B"
"C","C","C"
"C","A","C"
"C","A","A"
"C","C","C"
"C","C","C"
"C","C","C"
"C","C","C"
"C","A","C"
"C","A","C"
"C","C","C"
"C","A","C"
"C","C","C"
"C","A","C"
"C","C","C"
"C","C","C"
"C","A","C"
"C","C","C"
"C","B","C"
"C","C","C"
"C","C","C"
"C","C","C"
"C","C","C"
"C","C","C"
"C","C","C"
"C","C","C"
"C","C","C"
"C","C","C"
"C","C","C"
"C","A","D"
"C","E","C"
"C","C","C"
"C","C","C"
"C","C","C"
"C","C","C"
"C","C","C"
"C","C","C"
"C","C","C"
"C","C","C"
"C","C","C"
"C","C","C"
"C","C","C"
"C","B","B"
"C","B","C"
"C","B","C"
"C","B","C"
"C","B","C"
"C","B","C"
"C","B","C"
"C","B","C"
"C","B","C"
"C","B","B"
"C","B","B"
"C","B","C"
"C","B","C"
"C","B","C"
"C","C","C"
"C","C","C"
"C","B","C"
"C","B","C"
"C","B","C"
"C","C","C"
"C","C","C"
"C","C","A"
"C","C","C"
"C","C","C"
"C","C","C"
"C","C","C"
"C","C","C"
"C","A","C"
"C","C","C"
"C","C","C"
"C","C","C"
"C","C","C"
"C","C","C"
"C","C","C"
"C","C","C"
"C","C","C"
"C","C","C"
"C","C","C"
"C","C","C"
"C","C","C"
"C","A","C"
"C","A","C"
"C","A","C"
"C","A","C"
"C","C","C"
"C","D","C"
"C","C","C"
"C","C","C"
"C","C","C"
"C","C","C"
"C","C","C"
"C","C","C"
"C","C","C"
"C","C","C"
"C","C","C"
"C","C","C"
"C","A","A"
"C","C","C"
"C","C","C"
"C","A","C"
"C","A","C"
"C","A","C"
"C","C","C"
"C","C","C"
"C","A","C"
"C","A","C"
"C","A","C"
"C","C","C"
"C","C","C"
"C","C","C"
"C","C","C"
"C","D","C"
"C","D","C"
"C","C","C"
"C","C","C"
"C","C","C"
"C","A","C"
"C","C","C"
"C","C","C"
"C","C","C"
"C","C","C"
"C","C","C"
"C","C","C"
"C","C","C"
"C","C","C"
"C","C","C"
"C","C","C"
"C","C","C"
"C","C","C"
"C","C","C"
"C","C","C"
"C","A","C"
"C","A","C"
"C","C","C"
"C","C","C"
"C","C","C"
"C","C","C"
"C","C","C"
"C","C","C"
"C","C","C"
"C","C","C"
"C","C","C"
"C","C","C"
"C","C","C"
"C","A","A"
"C","C","C"
"C","C","C"
"C","C","C"
"C","C","C"
"C","C","C"
"C","C","C"
"C","D","D"
"C","D","D"
"C","D","D"
"C","C","C"
"C","C","C"
"C","C","C"
"C","C","C"
"C","C","C"
"C","C","C"
"C","C","C"
"C","C","C"
"C","C","C"
"C","C","C"
"C","C","C"
"C","C","C"
"C","A","A"
"C","C","C"
"C","C","C"
"C","C","D"
"C","C","C"
"C","C","C"
"C","C","C"
"C","C","C"
"C","C","C"
"C","A","C"
"C","C","C"
"C","C","C"
"C","C","C"
"C","C","C"
"C","C","C"
"C","E","A"
"C","C","C"
"C","C","C"
"C","C","C"
"C","C","C"
"C","C","C"
"C","D","C"
"C","D","D"
"C","D","C"
"C","C","C"
"C","C","C"
"C","C","C"
"C","C","C"
"C","C","C"
"C","C","C"
"C","C","C"
"C","C","C"
"C","C","C"
"C","C","C"
"C","C","C"
"C","C","C"
"C","C","C"
"C","C","C"
"C","C","C"
"C","C","C"
"C","D","C"
"C","C","C"
"C","C","C"
"C","D","C"
"C","C","C"
"C","C","C"
"C","C","C"
"C","C","C"
"C","C","C"
"C","C","A"
"C","C","C"
"C","C","C"
"C","A","C"
"C","A","C"
"C","C","C"
"C","C","C"
"C","D","C"
"C","D","D"
"C","D","C"
"C","D","C"
"C","C","C"
"C","C","C"
"C","D","C"
"C","D","C"
"C","C","C"
"C","A","C"
"C","A","A"
"C","A","C"
"C","A","C"
"C","C","C"
"C","A","C"
"C","A","C"
"C","A","C"
"C","A","C"
"C","C","C"
"C","A","C"
"C","A","C"
"C","B","C"
"C","B","C"
"C","B","C"
"C","B","C"
"C","B","C"
"C","C","C"
"C","C","C"
"C","B","B"
"C","B","B"
"C","B","C"
"C","B","C"
"C","B","C"
"C","B","C"
"C","B","B"
"C","B","B"
"C","C","C"
"C","B","C"
"C","B","C"
"C","C","C"
"C","C","C"
"C","C","B"
"C","C","C"
"C","C","C"
"C","C","C"
"C","C","C"
"C","C","C"
"C","B","B"
"C","C","C"
"C","C","C"
"C","A","C"
"C","A","C"
"C","A","C"
"C","A","C"
"C","A","C"
"C","B","C"
"C","C","C"
"C","C","C"
"C","C","C"
"C","C","C"
"C","C","C"
"C","C","C"
"C","C","C"
"C","C","C"
"C","C","C"
"C","C","C"
"C","C","C"
"C","C","C"
"C","C","C"
"C","C","C"
"C","C","C"
"C","C","C"
"C","A","C"
"C","C","C"
"C","C","C"
"C","B","C"
"C","C","C"
"C","C","C"
"C","C","C"
"C","C","C"
"C","C","C"
"C","C","C"
"C","C","C"
"C","C","C"
"C","C","C"
"C","C","C"
"C","C","C"
"C","C","C"
"C","C","C"
"C","C","C"
"C","C","C"
"C","C","C"
"C","C","C"
"C","C","C"
"C","C","C"
"C","C","C"
"C","C","C"
"C","C","C"
"C","E","C"
"C","C","C"
"C","C","C"
"C","C","C"
"C","C","C"
"C","C","C"
"C","C","C"
"C","C","C"
"C","C","C"
"C","C","C"
"C","C","C"
"C","C","C"
"C","C","C"
"C","C","C"
"C","C","C"
"C","C","C"
"C","C","C"
"C","C","C"
"C","C","C"
"C","C","C"
"C","C","C"
"C","C","C"
"C","C","C"
"C","C","C"
"C","C","C"
"C","C","C"
"C","C","C"
"C","C","C"
"C","C","C"
"C","C","C"
"C","C","C"
"C","C","A"
"C","C","C"
"C","C","C"
"C","C","C"
"C","C","C"
"C","C","C"
"C","C","C"
"C","C","C"
"C","C","C"
"C","C","C"
"C","C","C"
"C","C","C"
"C","C","C"
"C","C","C"
"C","C","C"
"C","C","C"
"C","C","C"
"C","C","C"
"C","C","C"
"C","C","C"
"C","C","C"
"C","C","C"
"C","C","C"
"C","C","C"
"C","C","C"
"C","C","C"
"C","C","C"
"C","E","C"
"C","C","C"
"C","C","C"
"C","C","C"
"C","C","C"
"C","C","C"
"C","C","C"
"C","C","C"
"C","C","C"
"C","C","C"
"C","C","C"
"C","C","C"
"C","C","C"
"C","C","C"
"C","C","C"
"C","C","C"
"C","C","C"
"C","C","C"
"C","C","C"
"C","C","C"
"C","C","C"
"C","C","C"
"C","C","C"
"C","C","C"
"C","C","C"
"C","C","C"
"C","C","C"
"C","C","C"
"C","C","C"
"C","C","C"
"C","C","C"
"C","C","C"
"C","C","C"
"C","C","C"
"C","C","C"
"C","C","C"
"C","C","C"
"C","C","C"
"C","C","C"
"C","C","C"
"C","C","C"
"C","C","C"
"C","C","C"
"C","C","C"
"C","C","C"
"C","C","C"
"C","C","C"
"C","C","C"
"C","C","C"
"C","C","C"
"C","C","C"
"C","C","C"
"C","C","C"
"C","C","C"
"C","D","C"
"C","C","D"
"C","D","C"
"C","A","C"
"C","A","A"
"C","A","C"
"C","C","C"
"C","A","C"
"C","A","C"
"C","A","C"
"C","A","C"
"C","C","C"
"C","C","C"
"C","C","C"
"C","C","C"
"C","C","C"
"C","C","C"
"C","C","C"
"C","C","C"
"C","C","C"
"C","E","C"
"C","E","C"
"C","C","C"
"C","C","C"
"C","C","C"
"C","C","C"
"C","C","C"
"C","C","C"
"C","C","C"
"C","C","C"
"C","A","C"
"C","A","C"
"C","A","C"
"C","A","C"
"C","C","C"
"C","C","C"
"C","A","A"
"C","A","C"
"C","C","C"
"C","C","C"
"C","A","C"
"C","C","C"
"C","C","C"
"C","C","C"
"C","C","C"
"C","C","C"
"C","C","C"
"C","C","C"
"C","C","C"
"C","C","C"
"C","C","C"
"C","C","C"
"C","C","C"
"C","C","C"
"C","C","C"
"C","C","C"
"C","C","C"
"C","C","C"
"C","C","C"
"C","A","C"
"C","C","C"
"C","C","C"
"C","C","C"
"C","C","C"
"C","C","C"
"C","C","C"
"C","D","C"
"C","C","C"
"C","C","C"
"C","C","C"
"C","C","C"
"C","C","C"
"C","C","C"
"C","C","C"
"C","C","C"
"C","C","C"
"C","C","C"
"C","C","C"
"C","C","C"
"D","D","D"
"D","D","D"
"D","D","D"
"D","D","D"
"D","D","D"
"D","D","D"
"D","D","D"
"D","D","D"
"D","D","D"
"D","D","D"
"D","D","D"
"D","D","D"
"D","D","D"
"D","D","D"
"D","D","D"
"D","D","D"
"D","D","D"
"D","D","D"
"D","D","D"
"D","D","D"
"D","D","D"
"D","D","D"
"D","D","D"
"D","D","D"
"D","D","D"
"D","D","D"
"D","D","D"
"D","D","D"
"D","D","D"
"D","D","D"
"D","A","D"
"D","A","E"
"D","A","D"
"D","A","D"
"D","D","D"
"D","D","D"
"D","D","D"
"D","D","D"
"D","C","C"
"D","C","C"
"D","C","C"
"D","C","D"
"D","C","D"
"D","C","D"
"D","C","D"
"D","C","C"
"D","A","D"
"D","A","D"
"D","C","C"
"D","D","C"
"D","C","C"
"D","C","C"
"D","C","D"
"D","A","D"
"D","A","D"
"D","C","D"
"D","C","D"
"D","C","D"
"D","D","D"
"D","A","B"
"D","C","D"
"D","C","D"
"D","C","D"
"D","C","D"
"D","C","D"
"D","C","D"
"D","D","D"
"D","D","D"
"D","D","D"
"D","D","D"
"D","D","D"
"D","D","D"
"D","D","D"
"D","E","B"
"D","D","D"
"D","D","D"
"D","A","B"
"D","A","B"
"D","D","D"
"D","D","D"
"D","D","D"
"D","D","D"
"D","D","D"
"D","D","D"
"D","D","D"
"D","D","D"
"D","D","D"
"D","D","D"
"D","D","D"
"D","D","D"
"D","D","D"
"D","D","D"
"D","D","D"
"D","D","D"
"D","D","D"
"D","D","D"
"D","D","D"
"D","D","D"
"D","D","D"
"D","D","D"
"D","D","D"
"D","D","D"
"D","D","D"
"D","D","D"
"D","D","D"
"D","D","D"
"D","D","D"
"D","D","D"
"D","D","D"
"D","D","D"
"D","D","D"
"D","D","D"
"D","C","D"
"D","D","D"
"D","D","D"
"D","D","D"
"D","D","D"
"D","D","D"
"D","D","D"
"D","D","D"
"D","D","D"
"D","D","D"
"D","D","D"
"D","D","D"
"D","D","D"
"D","D","D"
"D","D","D"
"D","D","D"
"D","D","D"
"D","D","D"
"D","D","D"
"D","D","D"
"D","A","A"
"D","D","D"
"D","D","D"
"D","D","D"
"D","D","D"
"D","D","D"
"D","D","D"
"D","D","D"
"D","D","D"
"D","D","D"
"D","D","D"
"D","D","D"
"D","D","D"
"D","D","D"
"D","D","D"
"D","D","D"
"D","D","D"
"D","D","D"
"D","D","D"
"D","D","D"
"D","D","D"
"D","D","D"
"D","D","D"
"D","D","D"
"D","B","D"
"D","B","D"
"D","D","D"
"D","D","D"
"D","D","D"
"D","D","D"
"D","D","D"
"D","D","D"
"D","D","D"
"D","D","D"
"D","D","D"
"D","D","D"
"D","D","D"
"D","D","D"
"D","D","D"
"D","D","D"
"D","D","D"
"D","D","D"
"D","D","D"
"D","D","D"
"D","D","D"
"D","D","D"
"D","D","D"
"D","D","D"
"D","D","D"
"D","D","D"
"D","D","D"
"D","D","D"
"D","D","D"
"D","D","D"
"D","D","D"
"D","D","D"
"D","D","D"
"D","D","D"
"D","D","D"
"D","D","D"
"D","D","D"
"D","D","D"
"D","D","D"
"D","D","D"
"D","D","D"
"D","D","D"
"D","D","D"
"D","D","D"
"D","D","D"
"D","D","D"
"D","D","D"
"D","D","D"
"D","D","D"
"D","D","D"
"D","D","D"
"D","D","D"
"D","D","D"
"D","D","D"
"D","D","D"
"D","D","D"
"D","D","D"
"D","D","D"
"D","D","D"
"D","D","D"
"D","D","D"
"D","D","D"
"D","D","D"
"D","D","D"
"D","D","D"
"D","D","D"
"D","D","D"
"D","D","D"
"D","D","D"
"D","D","D"
"D","D","D"
"D","D","D"
"D","D","D"
"D","D","D"
"D","D","D"
"D","D","D"
"D","D","D"
"D","D","D"
"D","D","D"
"D","D","D"
"D","D","D"
"D","D","D"
"D","D","D"
"D","D","D"
"D","D","D"
"D","D","D"
"D","D","D"
"D","D","D"
"D","D","D"
"D","C","C"
"D","C","D"
"D","C","D"
"D","C","D"
"D","D","D"
"D","E","D"
"D","E","D"
"D","D","D"
"D","D","D"
"D","D","D"
"D","D","D"
"D","D","D"
"D","D","D"
"D","D","D"
"D","D","D"
"D","D","D"
"D","D","D"
"D","C","D"
"D","D","D"
"D","E","D"
"D","E","D"
"D","E","D"
"D","D","D"
"D","D","D"
"D","D","D"
"D","D","D"
"D","D","D"
"D","D","D"
"D","D","D"
"D","D","D"
"D","D","D"
"D","D","D"
"D","D","D"
"D","D","D"
"D","D","D"
"D","D","D"
"D","D","D"
"D","D","D"
"D","D","D"
"D","D","D"
"D","D","D"
"D","D","D"
"D","E","E"
"D","D","D"
"D","D","D"
"D","E","D"
"D","D","D"
"D","D","D"
"D","D","D"
"D","D","D"
"D","D","D"
"D","D","D"
"D","D","D"
"D","D","D"
"D","D","D"
"D","D","D"
"D","D","D"
"D","D","D"
"D","D","D"
"D","D","D"
"D","D","D"
"D","D","D"
"D","D","D"
"D","D","D"
"D","D","D"
"D","D","D"
"D","D","D"
"D","D","D"
"D","B","D"
"D","D","D"
"D","E","D"
"D","E","D"
"D","D","D"
"D","D","D"
"D","D","D"
"D","D","D"
"D","D","D"
"D","D","D"
"D","D","D"
"D","D","D"
"D","D","D"
"D","D","D"
"D","D","D"
"D","D","D"
"D","D","D"
"D","D","D"
"D","D","D"
"D","B","D"
"D","D","D"
"D","D","D"
"D","D","D"
"D","D","D"
"D","D","D"
"D","D","D"
"D","D","D"
"D","E","D"
"D","D","D"
"D","D","D"
"D","D","D"
"D","D","D"
"D","D","D"
"D","E","D"
"D","E","D"
"D","B","D"
"D","D","D"
"D","D","D"
"D","D","D"
"D","D","D"
"D","D","D"
"D","D","D"
"D","E","D"
"D","E","D"
"D","E","D"
"D","E","D"
"D","E","D"
"D","D","D"
"D","D","D"
"D","D","D"
"D","D","D"
"D","D","D"
"D","D","D"
"D","D","D"
"D","D","D"
"D","D","D"
"D","B","D"
"D","E","D"
"D","D","D"
"D","D","D"
"D","D","D"
"D","D","D"
"D","E","D"
"D","E","D"
"D","D","E"
"D","E","D"
"D","E","D"
"D","E","D"
"D","D","D"
"D","D","D"
"D","D","D"
"D","D","D"
"D","D","D"
"D","B","D"
"D","B","D"
"D","B","D"
"D","D","D"
"D","E","B"
"D","A","D"
"D","A","D"
"D","E","D"
"D","E","D"
"D","B","C"
"D","B","C"
"D","B","D"
"D","C","D"
"D","C","D"
"D","B","C"
"D","C","D"
"D","D","D"
"D","D","D"
"D","D","D"
"D","D","D"
"D","D","D"
"D","D","D"
"D","D","D"
"D","A","D"
"D","A","D"
"D","A","D"
"D","B","B"
"D","A","C"
"D","B","B"
"D","B","B"
"D","B","D"
"D","A","D"
"D","A","D"
"D","A","D"
"D","A","D"
"D","A","D"
"D","A","D"
"D","A","D"
"D","A","D"
"D","E","B"
"D","D","D"
"D","D","D"
"D","D","A"
"D","D","D"
"D","D","D"
"D","D","D"
"D","D","D"
"D","D","D"
"D","D","D"
"D","D","D"
"D","D","D"
"D","D","D"
"D","D","D"
"D","D","D"
"D","D","D"
"D","D","D"
"D","D","D"
"D","D","D"
"D","D","D"
"D","D","D"
"D","D","D"
"D","D","D"
"D","D","D"
"D","D","D"
"D","D","D"
"D","D","D"
"D","D","D"
"D","D","D"
"D","D","D"
"D","D","D"
"D","D","D"
"D","D","D"
"D","D","D"
"D","D","D"
"D","D","D"
"D","D","D"
"D","D","D"
"D","D","D"
"D","D","D"
"D","D","D"
"D","D","D"
"D","D","D"
"D","D","D"
"D","D","D"
"D","D","D"
"D","D","D"
"D","D","D"
"D","D","D"
"D","D","D"
"D","D","D"
"D","D","D"
"D","D","D"
"D","D","D"
"D","D","D"
"D","D","D"
"D","D","D"
"D","D","D"
"D","D","D"
"D","C","C"
"D","C","D"
"D","D","D"
"D","D","D"
"D","D","D"
"D","D","D"
"D","C","C"
"D","C","D"
"D","C","D"
"D","A","C"
"D","D","D"
"D","D","D"
"D","D","D"
"D","D","D"
"D","C","C"
"D","C","D"
"D","C","C"
"D","C","C"
"D","C","C"
"D","C","C"
"D","C","D"
"D","C","D"
"D","C","D"
"D","C","D"
"D","C","D"
"D","A","D"
"D","D","D"
"D","D","D"
"D","C","D"
"D","C","D"
"D","D","D"
"D","D","D"
"D","D","D"
"D","D","D"
"D","D","D"
"D","D","D"
"D","D","D"
"D","D","D"
"D","D","D"
"D","D","D"
"D","D","D"
"D","D","D"
"D","D","D"
"D","A","A"
"D","D","D"
"D","D","D"
"D","D","D"
"D","D","D"
"D","D","D"
"D","D","D"
"D","D","D"
"D","D","D"
"D","D","D"
"D","D","D"
"D","E","D"
"D","D","D"
"D","D","D"
"D","D","D"
"D","A","D"
"D","D","D"
"D","D","D"
"D","D","D"
"D","D","D"
"D","D","D"
"D","D","D"
"D","D","D"
"D","D","D"
"D","D","D"
"D","D","D"
"D","D","D"
"D","D","D"
"D","D","D"
"D","D","D"
"D","D","D"
"D","D","D"
"D","D","D"
"D","D","D"
"D","D","D"
"D","D","D"
"D","D","D"
"D","D","D"
"D","D","D"
"D","D","D"
"D","D","D"
"D","D","D"
"D","D","D"
"D","E","E"
"D","D","D"
"D","D","D"
"D","D","D"
"D","D","D"
"D","D","D"
"D","D","D"
"D","D","D"
"D","D","D"
"D","D","D"
"D","D","D"
"D","D","D"
"D","D","D"
"D","A","D"
"D","D","D"
"D","D","D"
"D","D","D"
"D","D","D"
"D","D","D"
"D","D","D"
"D","D","D"
"D","D","D"
"D","D","D"
"D","D","D"
"D","D","D"
"D","D","D"
"D","D","D"
"D","D","D"
"D","D","D"
"D","D","D"
"D","D","D"
"D","D","D"
"D","D","D"
"D","D","D"
"D","E","D"
"D","E","E"
"D","B","D"
"D","A","D"
"D","D","D"
"D","D","D"
"D","D","D"
"D","D","D"
"D","D","D"
"D","D","D"
"D","D","D"
"D","D","D"
"D","D","D"
"D","C","C"
"D","C","C"
"D","C","D"
"D","C","C"
"D","C","D"
"D","C","D"
"D","C","C"
"D","C","C"
"D","C","D"
"D","C","D"
"D","C","C"
"D","C","C"
"D","C","C"
"D","C","C"
"D","D","D"
"D","C","D"
"D","D","D"
"D","D","D"
"D","D","D"
"D","D","D"
"D","C","C"
"D","D","D"
"D","D","C"
"D","C","C"
"D","C","C"
"D","C","C"
"D","C","D"
"D","A","C"
"D","C","C"
"D","C","D"
"D","C","D"
"D","C","D"
"D","C","D"
"D","D","D"
"D","D","D"
"D","C","D"
"D","D","D"
"D","C","D"
"D","C","D"
"D","B","B"
"D","B","D"
"D","B","D"
"D","C","D"
"D","D","D"
"D","D","D"
"D","D","D"
"D","D","D"
"D","D","D"
"D","D","D"
"D","E","E"
"D","D","D"
"D","D","D"
"D","D","D"
"D","D","D"
"D","D","D"
"D","D","D"
"D","D","D"
"D","D","D"
"D","A","D"
"D","A","D"
"D","A","D"
"D","D","D"
"D","D","D"
"D","D","D"
"D","D","D"
"D","D","D"
"D","D","D"
"D","D","D"
"D","D","D"
"D","A","D"
"D","B","D"
"D","D","D"
"D","D","D"
"D","D","D"
"D","D","D"
"D","D","D"
"D","D","D"
"D","D","D"
"D","D","D"
"D","D","D"
"D","D","D"
"D","D","D"
"D","A","D"
"D","D","D"
"D","D","D"
"D","A","D"
"D","D","D"
"D","D","D"
"D","D","D"
"D","E","D"
"D","E","D"
"D","D","D"
"D","D","D"
"D","D","D"
"D","D","D"
"D","D","D"
"D","E","D"
"D","D","D"
"D","D","D"
"D","D","D"
"D","D","D"
"D","D","D"
"D","D","D"
"D","D","D"
"D","D","D"
"D","D","D"
"D","D","D"
"D","B","D"
"D","B","D"
"D","B","D"
"D","D","D"
"D","D","D"
"D","D","D"
"D","D","D"
"D","D","D"
"D","D","D"
"D","D","D"
"D","D","D"
"D","A","A"
"D","A","C"
"D","A","C"
"D","C","C"
"D","C","D"
"D","D","D"
"D","C","C"
"D","C","C"
"D","C","D"
"D","C","D"
"D","D","C"
"D","C","C"
"D","D","D"
"D","C","C"
"D","D","D"
"D","C","D"
"D","C","D"
"D","C","C"
"D","C","D"
"D","C","C"
"D","E","D"
"D","C","C"
"D","A","D"
"D","C","D"
"D","C","D"
"D","C","D"
"D","C","D"
"D","C","D"
"D","C","D"
"D","C","D"
"D","D","D"
"D","B","D"
"D","B","D"
"D","D","D"
"D","D","D"
"D","D","D"
"D","D","D"
"D","D","D"
"D","D","D"
"D","B","D"
"D","D","D"
"D","B","D"
"D","D","D"
"D","D","D"
"D","D","D"
"D","D","D"
"D","D","D"
"D","D","D"
"D","D","D"
"D","D","D"
"D","D","D"
"D","B","D"
"D","D","D"
"D","D","D"
"D","A","D"
"D","D","D"
"D","D","D"
"D","D","D"
"D","D","D"
"D","D","D"
"D","D","D"
"D","D","D"
"D","D","D"
"D","D","A"
"D","A","D"
"D","A","D"
"D","A","D"
"D","D","D"
"D","D","D"
"D","D","D"
"D","D","D"
"D","D","D"
"D","D","D"
"D","E","D"
"D","D","D"
"D","D","D"
"D","D","D"
"D","D","D"
"D","D","D"
"D","D","D"
"D","D","D"
"D","D","D"
"D","D","D"
"D","D","D"
"D","D","D"
"D","D","D"
"D","D","D"
"D","B","D"
"D","B","D"
"D","D","D"
"D","D","D"
"D","D","D"
"D","D","D"
"D","D","D"
"D","D","D"
"D","E","D"
"D","D","D"
"D","A","D"
"D","B","D"
"D","B","D"
"D","A","D"
"D","B","A"
"D","D","D"
"D","B","D"
"D","B","D"
"D","A","D"
"D","D","D"
"D","D","D"
"D","D","D"
"D","D","D"
"D","C","A"
"D","A","D"
"D","C","C"
"D","C","C"
"D","C","C"
"D","C","C"
"D","A","D"
"D","A","D"
"D","C","C"
"D","C","C"
"D","C","D"
"D","D","D"
"D","D","D"
"D","D","D"
"D","D","D"
"D","D","D"
"D","A","D"
"D","D","D"
"D","D","D"
"D","D","D"
"D","D","D"
"D","D","D"
"D","D","D"
"D","D","D"
"D","D","D"
"D","D","D"
"D","D","D"
"D","D","D"
"D","D","D"
"D","D","D"
"D","D","D"
"D","D","D"
"D","D","D"
"D","D","D"
"D","D","D"
"D","D","D"
"D","D","D"
"D","D","D"
"D","D","D"
"D","D","D"
"D","D","D"
"D","D","D"
"D","D","D"
"D","D","D"
"D","D","D"
"D","D","D"
"D","D","D"
"D","B","D"
"D","B","D"
"D","B","D"
"D","D","D"
"D","D","D"
"D","D","D"
"D","D","D"
"D","D","D"
"D","D","D"
"D","E","D"
"D","D","D"
"D","D","D"
"D","D","D"
"D","D","D"
"D","D","D"
"D","D","D"
"D","E","D"
"D","D","D"
"D","D","D"
"D","D","D"
"D","D","D"
"D","D","D"
"D","D","D"
"D","D","D"
"D","D","D"
"D","B","D"
"D","B","D"
"D","B","D"
"D","D","D"
"D","D","D"
"D","D","D"
"D","D","D"
"D","D","D"
"D","D","D"
"D","D","D"
"D","D","D"
"D","D","D"
"D","D","D"
"D","D","D"
"D","D","D"
"D","D","D"
"D","D","D"
"D","D","D"
"D","D","D"
"D","D","D"
"D","D","D"
"D","D","D"
"D","D","D"
"D","D","D"
"D","D","D"
"D","D","D"
"D","D","D"
"D","D","D"
"D","D","D"
"D","D","A"
"D","D","D"
"D","D","D"
"D","A","D"
"D","D","D"
"D","D","D"
"D","D","D"
"D","D","D"
"D","D","D"
"D","D","D"
"D","D","D"
"D","D","D"
"D","D","D"
"D","D","D"
"D","D","D"
"D","D","D"
"D","D","D"
"D","A","D"
"E","E","E"
"E","E","E"
"E","E","E"
"E","E","E"
"E","E","E"
"E","E","E"
"E","E","E"
"E","E","E"
"E","E","E"
"E","E","E"
"E","E","E"
"E","E","E"
"E","E","B"
"E","E","E"
"E","E","E"
"E","E","E"
"E","E","E"
"E","E","E"
"E","E","E"
"E","E","E"
"E","E","E"
"E","E","E"
"E","E","E"
"E","E","E"
"E","E","E"
"E","E","E"
"E","E","E"
"E","E","E"
"E","E","E"
"E","E","E"
"E","B","E"
"E","E","E"
"E","E","E"
"E","B","E"
"E","E","E"
"E","E","E"
"E","E","E"
"E","E","E"
"E","E","E"
"E","E","E"
"E","E","E"
"E","E","E"
"E","E","E"
"E","B","E"
"E","E","E"
"E","E","E"
"E","E","E"
"E","E","E"
"E","E","E"
"E","E","E"
"E","E","E"
"E","E","E"
"E","B","E"
"E","E","E"
"E","B","E"
"E","B","E"
"E","E","E"
"E","E","E"
"E","E","E"
"E","E","E"
"E","E","E"
"E","E","E"
"E","E","E"
"E","E","E"
"E","E","E"
"E","E","E"
"E","E","E"
"E","E","E"
"E","E","E"
"E","D","E"
"E","D","E"
"E","D","E"
"E","E","E"
"E","E","E"
"E","E","E"
"E","A","E"
"E","A","E"
"E","A","E"
"E","A","E"
"E","E","E"
"E","E","E"
"E","E","E"
"E","E","E"
"E","E","E"
"E","E","E"
"E","E","E"
"E","B","E"
"E","E","E"
"E","E","D"
"E","B","E"
"E","B","E"
"E","E","E"
"E","E","E"
"E","E","E"
"E","E","E"
"E","E","E"
"E","E","E"
"E","E","E"
"E","C","E"
"E","A","E"
"E","B","E"
"E","E","E"
"E","E","E"
"E","E","E"
"E","B","E"
"E","B","E"
"E","E","E"
"E","B","E"
"E","B","E"
"E","E","E"
"E","E","E"
"E","E","E"
"E","B","E"
"E","B","E"
"E","B","E"
"E","B","E"
"E","B","E"
"E","E","E"
"E","B","E"
"E","E","E"
"E","B","E"
"E","B","E"
"E","E","E"
"E","E","E"
"E","B","E"
"E","E","E"
"E","B","E"
"E","B","E"
"E","E","E"
"E","E","E"
"E","E","E"
"E","E","E"
"E","C","E"
"E","E","E"
"E","E","E"
"E","E","E"
"E","E","E"
"E","E","E"
"E","E","E"
"E","E","E"
"E","E","E"
"E","E","E"
"E","E","E"
"E","E","E"
"E","E","E"
"E","E","E"
"E","E","E"
"E","E","E"
"E","D","E"
"E","E","E"
"E","E","E"
"E","E","E"
"E","E","E"
"E","E","E"
"E","E","E"
"E","B","E"
"E","B","E"
"E","E","E"
"E","E","E"
"E","E","E"
"E","E","E"
"E","E","E"
"E","E","E"
"E","E","E"
"E","E","E"
"E","E","E"
"E","E","E"
"E","E","E"
"E","E","E"
"E","B","E"
"E","E","E"
"E","E","E"
"E","B","E"
"E","B","E"
"E","B","E"
"E","B","E"
"E","B","E"
"E","D","E"
"E","E","E"
"E","E","E"
"E","E","E"
"E","E","E"
"E","C","E"
"E","E","E"
"E","B","E"
"E","C","E"
"E","C","E"
"E","C","E"
"E","B","E"
"E","C","E"
"E","B","E"
"E","A","E"
"E","A","E"
"E","A","E"
"E","C","E"
"E","C","E"
"E","C","E"
"E","E","E"
"E","E","E"
"E","E","E"
"E","E","E"
"E","E","E"
"E","E","E"
"E","C","E"
"E","A","E"
"E","C","C"
"E","E","E"
"E","E","E"
"E","E","E"
"E","E","E"
"E","E","E"
"E","E","E"
"E","E","E"
"E","E","E"
"E","E","E"
"E","B","B"
"E","E","E"
"E","B","E"
"E","E","E"
"E","E","E"
"E","E","E"
"E","E","E"
"E","E","E"
"E","E","E"
"E","E","E"
"E","E","E"
"E","E","E"
"E","B","E"
"E","B","E"
"E","E","E"
"E","E","E"
"E","E","E"
"E","E","E"
"E","E","E"
"E","E","E"
"E","E","E"
"E","E","E"
"E","E","E"
"E","E","E"
"E","E","E"
"E","E","E"
"E","E","E"
"E","E","E"
"E","E","E"
"E","E","E"
"E","E","E"
"E","E","E"
"E","D","D"
"E","D","E"
"E","E","E"
"E","E","E"
"E","E","E"
"E","E","E"
"E","E","E"
"E","E","E"
"E","E","E"
"E","E","E"
"E","E","E"
"E","E","E"
"E","D","E"
"E","D","E"
"E","D","D"
"E","D","D"
"E","D","D"
"E","D","D"
"E","D","E"
"E","D","E"
"E","D","E"
"E","E","E"
"E","E","E"
"E","E","E"
"E","E","E"
"E","E","E"
"E","E","E"
"E","E","E"
"E","E","E"
"E","D","E"
"E","C","E"
"E","C","E"
"E","C","E"
"E","C","E"
"E","C","E"
"E","E","E"
"E","E","E"
"E","E","E"
"E","E","E"
"E","E","E"
"E","E","E"
"E","E","E"
"E","E","E"
"E","E","E"
"E","E","E"
"E","E","E"
"E","E","E"
"E","E","E"
"E","E","E"
"E","E","E"
"E","E","E"
"E","E","E"
"E","C","E"
"E","C","E"
"E","E","E"
"E","E","E"
"E","E","E"
"E","E","E"
"E","E","E"
"E","E","E"
"E","E","E"
"E","E","E"
"E","E","E"
"E","E","E"
"E","E","E"
"E","E","E"
"E","E","E"
"E","E","E"
"E","E","E"
"E","E","E"
"E","E","E"
"E","E","E"
"E","E","E"
"E","E","E"
"E","C","E"
"E","E","E"
"E","C","E"
"E","E","E"
"E","E","E"
"E","E","E"
"E","E","E"
"E","E","E"
"E","E","E"
"E","E","E"
"E","E","E"
"E","E","E"
"E","E","E"
"E","E","E"
"E","E","E"
"E","E","E"
"E","E","E"
"E","E","E"
"E","E","E"
"E","E","E"
"E","E","E"
"E","E","E"
"E","E","E"
"E","E","E"
"E","E","E"
"E","D","E"
"E","D","E"
"E","D","E"
"E","B","E"
"E","E","E"
"E","E","E"
"E","E","E"
"E","E","E"
"E","E","E"
"E","E","E"
"E","E","E"
"E","E","E"
"E","E","E"
"E","E","E"
"E","E","E"
"E","E","E"
"E","E","E"
"E","E","E"
"E","E","E"
"E","E","E"
"E","E","E"
"E","E","E"
"E","E","E"
"E","E","E"
"E","E","E"
"E","E","E"
"E","E","E"
"E","E","E"
"E","E","E"
"E","E","E"
"E","E","E"
"E","E","E"
"E","E","E"
"E","E","E"
"E","E","E"
"E","E","E"
"E","E","E"
"E","E","E"
"E","E","E"
"E","E","E"
"E","E","E"
"E","E","E"
"E","E","E"
"E","E","E"
"E","E","E"
"E","E","E"
"E","E","E"
"E","E","E"
"E","E","E"
"E","D","E"
"E","E","E"
"E","E","E"
"E","E","E"
"E","E","E"
"E","E","E"
"E","E","E"
"E","E","E"
"E","E","E"
"E","E","E"
"E","E","E"
"E","E","E"
"E","E","E"
"E","E","E"
"E","D","E"
"E","B","E"
"E","E","E"
"E","E","E"
"E","E","E"
"E","E","E"
"E","E","E"
"E","E","E"
"E","E","E"
"E","E","E"
"E","E","E"
"E","E","E"
"E","E","E"
"E","E","E"
"E","E","E"
"E","E","E"
"E","E","E"
"E","E","E"
"E","B","E"
"E","E","E"
"E","E","E"
"E","E","E"
"E","E","E"
"E","E","E"
"E","E","E"
"E","E","E"
"E","E","E"
"E","E","E"
"E","E","E"
"E","E","E"
"E","E","E"
"E","C","E"
"E","A","E"
"E","A","E"
"E","E","E"
"E","E","E"
"E","E","E"
"E","E","E"
"E","C","E"
"E","C","E"
"E","E","E"
"E","E","E"
"E","E","E"
"E","E","E"
"E","E","E"
"E","E","E"
"E","E","E"
"E","A","E"
"E","A","E"
"E","A","E"
"E","A","E"
"E","C","E"
"E","C","E"
"E","A","E"
"E","A","E"
"E","A","E"
"E","D","C"
"E","E","E"
"E","E","E"
"E","E","E"
"E","E","E"
"E","E","E"
"E","E","E"
"E","B","E"
"E","B","E"
"E","B","E"
"E","A","E"
"E","A","E"
"E","A","E"
"E","B","E"
"E","B","E"
"E","B","E"
"E","B","E"
"E","B","E"
"E","B","E"
"E","E","E"
"E","E","E"
"E","E","E"
"E","E","E"
"E","A","E"
"E","B","E"
"E","B","E"
"E","E","E"
"E","B","E"
"E","A","E"
"E","A","E"
"E","E","E"
"E","E","E"
"E","A","E"
"E","E","E"
"E","B","B"
"E","B","E"
"E","B","E"
"E","E","E"
"E","E","E"
"E","B","E"
"E","E","E"
"E","E","E"
"E","E","E"
"E","A","E"
"E","E","E"
"E","E","E"
"E","E","E"
"E","E","E"
"E","E","E"
"E","E","E"
"E","E","E"
"E","E","E"
"E","E","E"
"E","E","E"
"E","E","E"
"E","E","E"
"E","E","E"
"E","E","E"
"E","E","E"
"E","E","E"
"E","E","E"
"E","E","E"
"E","E","E"
"E","E","E"
"E","E","E"
"E","E","E"
"E","E","E"
"E","E","E"
"E","E","E"
"E","E","E"
"E","E","E"
"E","E","E"
"E","E","E"
"E","E","E"
"E","E","E"
"E","E","E"
"E","E","E"
"E","E","E"
"E","E","E"
"E","E","E"
"E","E","E"
"E","E","E"
"E","E","E"
"E","E","E"
"E","E","E"
"E","E","E"
"E","E","E"
"E","E","E"
"E","E","E"
"E","E","E"
"E","E","E"
"E","E","E"
"E","E","E"
"E","E","E"
"E","E","E"
"E","E","E"
"E","E","E"
"E","E","E"
"E","E","E"
"E","E","E"
"E","E","E"
"E","E","E"
"E","E","E"
"E","E","E"
"E","E","E"
"E","E","E"
"E","E","E"
"E","E","E"
"E","E","E"
"E","E","E"
"E","A","E"
"E","E","E"
"E","E","E"
"E","E","E"
"E","E","E"
"E","E","E"
"E","E","E"
"E","E","E"
"E","E","E"
"E","E","E"
"E","E","E"
"E","E","E"
"E","E","E"
"E","E","E"
"E","E","E"
"E","E","E"
"E","E","E"
"E","E","E"
"E","D","E"
"E","D","E"
"E","D","E"
"E","D","E"
"E","D","E"
"E","D","D"
"E","D","E"
"E","D","E"
"E","D","E"
"E","D","E"
"E","D","E"
"E","D","D"
"E","D","E"
"E","D","E"
"E","D","E"
"E","C","E"
"E","C","E"
"E","C","E"
"E","C","E"
"E","C","E"
"E","E","E"
"E","E","E"
"E","E","E"
"E","E","E"
"E","E","E"
"E","E","E"
"E","E","E"
"E","E","E"
"E","C","E"
"E","C","E"
"E","E","E"
"E","E","E"
"E","E","E"
"E","E","E"
"E","E","E"
"E","E","E"
"E","E","E"
"E","E","E"
"E","E","E"
"E","E","E"
"E","C","E"
"E","C","E"
"E","E","E"
"E","E","E"
"E","E","E"
"E","E","E"
"E","E","E"
"E","E","E"
"E","E","E"
"E","E","E"
"E","E","E"
"E","E","E"
"E","E","E"
"E","E","E"
"E","E","E"
"E","E","E"
"E","E","E"
"E","E","E"
"E","E","E"
"E","E","E"
"E","E","E"
"E","E","E"
"E","E","E"
"E","E","E"
"E","A","E"
"E","E","E"
"E","E","E"
"E","E","E"
"E","E","E"
"E","E","E"
"E","E","E"
"E","E","E"
"E","E","E"
"E","E","E"
"E","E","E"
"E","E","E"
"E","A","E"
"E","E","E"
"E","E","E"
"E","E","E"
"E","E","E"
"E","E","E"
"E","E","E"
"E","E","E"
"E","E","E"
"E","E","E"
"E","E","E"
"E","E","E"
"E","E","E"
"E","E","E"
"E","E","E"
"E","E","E"
"E","E","E"
"E","E","E"
"E","E","E"
"E","E","E"
"E","E","E"
"E","E","E"
"E","E","E"
"E","E","E"
"E","E","E"
"E","E","E"
"E","E","E"
"E","E","E"
"E","E","E"
"E","E","E"
"E","E","E"
"E","E","E"
"E","E","E"
"E","E","E"
"E","E","E"
"E","E","E"
"E","E","E"
"E","E","E"
"E","E","E"
"E","E","E"
"E","E","E"
"E","E","E"
"E","E","E"
"E","E","E"
"E","B","E"
"E","E","E"
"E","E","E"
"E","E","E"
"E","E","E"
"E","C","E"
"E","E","E"
"E","C","E"
"E","E","E"
"E","B","E"
"E","C","C"
"E","B","E"
"E","E","E"
"E","E","E"
"E","E","E"
"E","E","E"
"E","C","E"
"E","A","A"
"E","D","D"
"E","D","E"
"E","E","E"
"E","E","E"
"E","E","E"
"E","E","E"
"E","E","E"
"E","E","E"
"E","E","E"
"E","E","E"
"E","E","E"
"E","E","E"
"E","E","E"
"E","E","E"
"E","E","E"
"E","E","E"
"E","E","E"
"E","E","E"
"E","E","E"
"E","E","E"
"E","D","E"
"E","D","D"
"E","D","D"
"E","D","E"
"E","D","E"
"E","B","E"
"E","E","E"
"E","E","E"
"E","E","E"
"E","E","E"
"E","E","E"
"E","E","E"
"E","E","E"
"E","E","E"
"E","E","E"
"E","E","E"
"E","E","E"
"E","E","E"
"E","E","E"
"E","E","E"
"E","E","E"
"E","D","E"
"E","D","E"
"E","D","E"
"E","A","A"
"E","A","A"
"E","D","E"
"E","A","E"
"E","A","E"
"E","D","E"
"E","E","E"
"E","E","E"
"E","E","E"
"E","E","E"
"E","E","E"
"E","E","E"
"E","E","E"
"E","E","E"
"E","E","E"
"E","E","E"
"E","E","E"
"E","E","E"
"E","E","E"
"E","E","E"
"E","E","E"
"E","B","B"
"E","B","E"
"E","B","E"
"E","E","E"
"E","E","E"
"E","E","E"
"E","E","E"
"E","E","E"
"E","E","E"
"E","E","E"
"E","E","E"
"E","E","E"
"E","E","E"
"E","E","E"
"E","E","E"
"E","E","E"
"E","E","E"
"E","E","E"
"E","E","E"
"E","E","E"
"E","E","E"
"E","E","E"
"E","E","E"
"E","B","E"
"E","E","E"
"E","E","E"
"E","E","E"
"E","E","E"
"E","E","E"
"E","E","E"
"E","E","E"
"E","E","E"
"E","E","E"
"E","E","E"
"E","E","E"
"E","E","E"
"E","E","E"
"E","E","E"
"E","E","E"
"E","E","E"
"E","E","E"
"E","E","E"
"E","E","E"
"E","E","E"
"E","B","E"
"E","E","E"
"E","E","E"
"E","E","E"
"E","E","E"
"E","E","E"
"E","E","E"
"E","E","E"
"E","E","E"
"E","E","E"
"E","E","E"
"E","E","E"
"E","E","E"
"E","E","E"
"E","E","E"
"E","E","E"
"E","E","E"
"E","E","E"
"E","E","E"
"E","E","E"
"E","E","E"
"E","E","E"
"E","E","E"
"E","E","E"
"E","E","E"
"E","B","B"
"E","B","E"
"E","E","E"
"E","E","E"
"E","E","E"
"E","E","E"
"E","E","E"
"E","E","E"
"E","C","E"
"E","A","E"
"E","D","E"
"E","C","E"
"E","E","E"
"E","E","E"
"E","E","E"
"E","E","E"
"E","E","E"
"E","E","E"
"E","E","E"
"E","E","E"
"E","E","E"
"E","D","E"
"E","E","E"
"E","E","E"
"E","E","E"
"E","E","E"
"E","E","E"
"E","A","E"
"E","E","E"
"E","E","E"
"E","E","E"
"E","E","E"
"E","E","E"
"E","E","E"
"E","E","E"
"E","E","E"
"E","E","E"
"E","B","E"
"E","E","E"
"E","E","E"
"E","E","E"
"E","E","E"
"E","E","E"
"E","E","E"
"E","E","E"
"E","E","E"
"E","E","E"
"E","E","E"
"E","E","E"
"E","E","E"
"E","E","E"
"E","E","E"
"E","E","E"
"E","E","E"
"E","E","E"
"E","E","E"
"E","E","E"
"E","E","E"
"E","E","E"
"E","E","E"
"E","B","B"
"E","B","B"
"E","B","B"
"E","E","E"
"E","E","E"
"E","E","E"
"E","E","E"
"E","E","E"
"E","E","E"
"E","E","E"
"E","E","E"
"E","E","E"
"E","E","E"
"E","E","E"
"E","E","E"
"E","E","E"
"E","A","E"
"E","E","E"
"E","E","E"
"E","E","E"
"E","E","E"
"E","E","E"
"E","A","E"
"E","A","E"
"E","A","E"
"E","A","E"
"E","A","E"
"E","A","E"
"E","A","E"
"E","A","E"
"E","A","A"
"E","B","E"
"E","E","E"
"E","C","E"
"E","C","E"
"E","E","E"
"E","C","E"
"E","C","E"
"E","A","C"
"E","C","E"
"E","C","E"
"E","E","E"
"E","E","E"
"E","E","E"
"E","E","E"
"E","C","E"
"E","E","E"
"E","E","E"
"E","A","E"
"E","B","C"
"E","E","E"
"E","E","E"
"E","E","E"
"E","E","E"
"E","E","E"
"E","E","E"
"E","E","E"
"E","E","E"
"E","E","E"
"E","C","E"
"E","C","E"
"E","C","E"
"E","C","E"
"E","C","A"
"E","E","E"
"E","E","E"
"E","E","E"
"E","A","E"
"E","D","E"
"E","E","E"
"E","A","E"
"E","A","E"
"E","E","E"
"E","E","E"
"E","E","E"
"E","E","E"
"E","E","E"
"E","E","E"
"E","E","E"
"E","E","E"
"E","E","E"
"E","C","E"
"E","E","E"
"E","E","E"
"E","E","E"
"E","E","E"
"E","E","E"
"E","E","E"
"E","E","E"
"E","E","E"
"E","E","E"
"E","E","E"
"E","E","E"
"E","E","E"
"E","B","E"
"E","B","E"
"E","E","E"
"E","B","B"
"E","E","E"
"E","E","E"
"E","E","E"
"E","E","E"
"E","E","E"
"E","E","E"
"E","E","E"
"E","B","B"
"E","E","E"
"E","E","E"
"E","E","E"
"E","E","E"
"E","E","E"
"E","E","E"
"E","C","E"
"E","E","E"
"E","E","E"
"E","E","E"
"E","E","E"
"E","E","E"
"E","E","E"
"E","E","E"
"E","E","E"
"E","E","E"
"E","E","E"
"E","E","E"
"E","E","E"
"E","E","E"
"E","E","E"
"E","E","E"
"E","E","E"
"E","E","E"
"E","E","E"
"E","E","E"
"E","E","E"
"E","B","B"
"E","E","E"
"E","E","E"
"E","E","E"
"E","E","E"
"E","E","E"
"E","E","E"
"E","B","E"
"E","E","E"
"E","E","E"
"E","E","E"
"E","E","E"
"E","E","E"
"E","A","E"
"E","E","E"
"E","E","E"
"E","E","E"
"E","E","E"
"E","E","E"
"E","E","E"
"E","E","E"
"E","E","E"
"E","E","E"
"E","E","E"
